time,value
2009/4/20,0.199
2009/4/21,0.189
2009/4/22,0.168
2009/4/23,0.16
2009/4/24,0.172
2009/4/25,0.166
2009/4/26,0.153
2009/4/27,0.292
2009/4/28,0.217
2009/4/29,0.148
2009/4/30,0.145
2009/5/1,0.142
2009/5/2,0.128
2009/5/3,0.133
2009/5/4,0.123
2009/5/5,0.12
2009/5/6,0.114
2009/5/7,0.128
2009/5/8,0.154
2009/5/9,0.116
2009/5/10,0.1
2009/5/11,0.101
2009/5/12,0.087
2009/5/13,0.089
2009/5/14,0.134
2009/5/15,0.315
2009/5/16,0.154
2009/5/17,0.158
2009/5/18,0.109
2009/5/19,0.084
2009/5/20,0.081
2009/5/21,0.083
2009/5/22,0.068
2009/5/23,0.059
2009/5/24,0.05
2009/5/25,0.056
2009/5/26,0.15
2009/5/27,0.085
2009/5/28,0.063
2009/5/29,0.047
2009/5/30,0.037
2009/5/31,0.032
2009/6/1,0.029
2009/6/2,0.023
2009/6/3,0.029
2009/6/4,0.021
2009/6/5,0.102
2009/6/6,0.175
2009/6/7,1.05
2009/6/8,0.134
2009/6/9,0.074
2009/6/10,0.257
2009/6/11,0.171
2009/6/12,0.081
2009/6/13,0.036
2009/6/14,0.029
2009/6/15,0.025
2009/6/16,0.027
2009/6/17,0.024
2009/6/18,0.02
2009/6/19,0.026
2009/6/20,0.02
2009/6/21,0.019
2009/6/22,0.02
2009/6/23,0.018
2009/6/24,0.014
2009/6/25,0.026
2009/6/26,0.757
2009/6/27,1.12
2009/6/28,0.309
2009/6/29,0.063
2009/6/30,0.028
2009/7/1,0.021
2009/7/2,0.02
2009/7/3,0.02
2009/7/4,0.019
2009/7/5,0.019
2009/7/6,0.019
2009/7/7,0.512
2009/7/8,0.188
2009/7/9,0.036
2009/7/10,0.02
2009/7/11,0.036
2009/7/12,0.117
2009/7/13,0.038
2009/7/14,0.023
2009/7/15,0.042
2009/7/16,0.09
2009/7/17,0.99
2009/7/18,0.2
2009/7/19,0.324
2009/7/20,0.11
2009/7/21,0.191
2009/7/22,0.073
2009/7/23,0.08
2009/7/24,0.133
2009/7/25,0.076
2009/7/26,0.027
2009/7/27,0.083
2009/7/28,0.04
2009/7/29,0.075
2009/7/30,0.107
2009/7/31,0.03
2009/8/1,0.186
2009/8/2,0.124
2009/8/3,0.029
2009/8/4,0.019
2009/8/5,0.154
2009/8/6,2.36
2009/8/7,0.692
2009/8/8,0.123
2009/8/9,0.084
2009/8/10,0.073
2009/8/11,0.067
2009/8/12,0.076
2009/8/13,0.068
2009/8/14,0.044
2009/8/15,0.039
2009/8/16,0.031
2009/8/17,0.028
2009/8/18,0.021
2009/8/19,0.021
2009/8/20,0.025
2009/8/21,0.094
2009/8/22,0.05
2009/8/23,0.022
2009/8/24,0.02
2009/8/25,0.25
2009/8/26,0.15
2009/8/27,0.044
2009/8/28,0.023
2009/8/29,0.024
2009/8/30,0.017
2009/8/31,0.017
2009/9/1,0.023
2009/9/2,0.226
2009/9/3,0.177
2009/9/4,0.034
2009/9/5,0.026
2009/9/6,0.019
2009/9/7,0.018
2009/9/8,0.023
2009/9/9,0.033
2009/9/10,0.029
2009/9/11,0.026
2009/9/12,0.025
2009/9/13,0.023
2009/9/14,0.02
2009/9/15,0.02
2009/9/16,0.022
2009/9/17,0.022
2009/9/18,0.021
2009/9/19,0.019
2009/9/20,0.023
2009/9/21,0.019
2009/9/22,0.019
2009/9/23,0.02
2009/9/24,0.025
2009/9/25,0.024
2009/9/26,0.024
2009/9/27,0.019
2009/9/28,0.015
2009/9/29,0.016
2009/9/30,0.015
2009/10/1,0.016
2009/10/2,0.015
2009/10/3,0.027
2009/10/4,0.028
2009/10/5,0.024
2009/10/6,0.023
2009/10/7,0.026
2009/10/8,0.023
2009/10/9,0.018
2009/10/10,0.017
2009/10/11,0.02
2009/10/12,0.029
2009/10/13,0.023
2009/10/14,0.026
2009/10/15,0.02
2009/10/16,0.03
2009/10/17,0.025
2009/10/18,0.018
2009/10/19,0.017
2009/10/20,0.015
2009/10/21,0.015
2009/10/22,0.017
2009/10/23,0.019
2009/10/24,0.024
2009/10/25,0.027
2009/10/26,0.024
2009/10/27,0.021
2009/10/28,0.02
2009/10/29,0.019
2009/10/30,0.025
2009/10/31,0.03
2009/11/1,0.047
2009/11/2,0.051
2009/11/3,0.051
2009/11/4,0.05
2009/11/5,0.05
2009/11/6,0.047
2009/11/7,0.049
2009/11/8,0.055
2009/11/9,0.05
2009/11/10,0.047
2009/11/11,0.045
2009/11/12,0.045
2009/11/13,0.466
2009/11/14,0.542
2009/11/15,0.127
2009/11/16,0.31
2009/11/17,0.053
2009/11/18,0.022
2009/11/19,0.019
2009/11/20,0.019
2009/11/21,0.069
2009/11/22,0.508
2009/11/23,0.484
2009/11/24,0.229
2009/11/25,0.51
2009/11/26,0.068
2009/11/27,0.026
2009/11/28,0.775
2009/11/29,0.953
2009/11/30,0.741
2009/12/1,0.161
2009/12/2,0.533
2009/12/3,0.366
2009/12/4,0.198
2009/12/5,0.292
2009/12/6,0.764
2009/12/7,0.306
2009/12/8,0.251
2009/12/9,0.233
2009/12/10,0.179
2009/12/11,0.142
2009/12/12,0.13
2009/12/13,0.118
2009/12/14,0.14
2009/12/15,0.17
2009/12/16,0.193
2009/12/17,0.241
2009/12/18,0.198
2009/12/19,0.149
2009/12/20,0.142
2009/12/21,0.167
2009/12/22,0.201
2009/12/23,0.464
2009/12/24,0.528
2009/12/25,0.369
2009/12/26,0.402
2009/12/27,0.314
2009/12/28,0.242
2009/12/29,1.01
2009/12/30,1.12
2009/12/31,0.531
2010/1/1,0.405
2010/1/2,0.374
2010/1/3,0.334
2010/1/4,0.288
2010/1/5,0.293
2010/1/6,0.32
2010/1/7,0.312
2010/1/8,0.293
2010/1/9,0.263
2010/1/10,0.281
2010/1/11,0.292
2010/1/12,0.255
2010/1/13,0.283
2010/1/14,0.358
2010/1/15,0.432
2010/1/16,0.776
2010/1/17,0.466
2010/1/18,0.351
2010/1/19,0.303
2010/1/20,0.292
2010/1/21,0.286
2010/1/22,0.572
2010/1/23,0.477
2010/1/24,0.405
2010/1/25,0.441
2010/1/26,0.331
2010/1/27,0.298
2010/1/28,0.36
2010/1/29,0.667
2010/1/30,0.336
2010/1/31,0.315
2010/2/1,0.326
2010/2/2,0.361
2010/2/3,0.345
2010/2/4,0.356
2010/2/5,0.477
2010/2/6,0.293
2010/2/7,0.27
2010/2/8,0.316
2010/2/9,0.301
2010/2/10,0.291
2010/2/11,0.293
2010/2/12,0.328
2010/2/13,0.302
2010/2/14,0.294
2010/2/15,0.286
2010/2/16,0.42
2010/2/17,0.331
2010/2/18,0.392
2010/2/19,0.412
2010/2/20,0.281
2010/2/21,0.405
2010/2/22,0.712
2010/2/23,0.509
2010/2/24,0.573
2010/2/25,0.622
2010/2/26,0.639
2010/2/27,0.702
2010/2/28,1.55
2010/3/1,0.523
2010/3/2,0.442
2010/3/3,0.417
2010/3/4,0.437
2010/3/5,0.404
2010/3/6,0.426
2010/3/7,0.407
2010/3/8,0.394
2010/3/9,0.416
2010/3/10,0.4
2010/3/11,0.364
2010/3/12,0.388
2010/3/13,0.352
2010/3/14,0.323
2010/3/15,0.314
2010/3/16,0.296
2010/3/17,0.288
2010/3/18,0.288
2010/3/19,0.397
2010/3/20,0.38
2010/3/21,0.274
2010/3/22,0.274
2010/3/23,0.28
2010/3/24,0.329
2010/3/25,0.62
2010/3/26,0.342
2010/3/27,0.304
2010/3/28,0.247
2010/3/29,0.379
2010/3/30,0.478
2010/3/31,0.361
2010/4/1,0.316
2010/4/2,0.335
2010/4/3,0.371
2010/4/4,0.246
2010/4/5,0.228
2010/4/6,0.235
2010/4/7,0.229
2010/4/8,0.21
2010/4/9,0.2
2010/4/10,0.192
2010/4/11,0.186
2010/4/12,0.185
2010/4/13,0.175
2010/4/14,0.173
2010/4/15,0.166
2010/4/16,0.161
2010/4/17,0.159
2010/4/18,0.152
2010/4/19,0.151
2010/4/20,0.153
2010/4/21,0.139
2010/4/22,0.142
2010/4/23,0.143
2010/4/24,0.137
2010/4/25,0.243
2010/4/26,0.182
2010/4/27,0.129
2010/4/28,0.128
2010/4/29,0.21
2010/4/30,0.348
2010/5/1,1.17
2010/5/2,1.05
2010/5/3,0.228
2010/5/4,0.173
2010/5/5,0.172
2010/5/6,0.158
2010/5/7,0.157
2010/5/8,0.166
2010/5/9,0.162
2010/5/10,0.148
2010/5/11,0.158
2010/5/12,0.142
2010/5/13,0.142
2010/5/14,0.136
2010/5/15,0.125
2010/5/16,0.121
2010/5/17,0.114
2010/5/18,0.108
2010/5/19,0.108
2010/5/20,0.095
2010/5/21,0.082
2010/5/22,0.076
2010/5/23,0.072
2010/5/24,0.056
2010/5/25,0.064
2010/5/26,0.072
2010/5/27,0.12
2010/5/28,0.07
2010/5/29,0.105
2010/5/30,0.084
2010/5/31,0.071
2010/6/1,0.172
2010/6/2,0.128
2010/6/3,0.066
2010/6/4,0.055
2010/6/5,0.057
2010/6/6,0.111
2010/6/7,0.138
2010/6/8,0.215
2010/6/9,0.217
2010/6/10,0.112
2010/6/11,0.063
2010/6/12,0.041
2010/6/13,0.193
2010/6/14,0.209
2010/6/15,0.057
2010/6/16,0.037
2010/6/17,0.03
2010/6/18,0.032
2010/6/19,0.04
2010/6/20,0.022
2010/6/21,0.013
2010/6/22,0.012
2010/6/23,0.012
2010/6/24,0.011
2010/6/25,0.011
2010/6/26,0.011
2010/6/27,0.011
2010/6/28,0.011
2010/6/29,0.011
2010/6/30,0.011
2010/7/1,0.011
2010/7/2,0.022
2010/7/3,0.031
2010/7/4,0.032
2010/7/5,0.036
2010/7/6,0.036
2010/7/7,0.103
2010/7/8,0.191
2010/7/9,0.057
2010/7/10,0.006
2010/7/11,0.008
2010/7/12,0.048
2010/7/13,0.017
2010/7/14,0.006
2010/7/15,0.006
2010/7/16,0.006
2010/7/17,0.007
2010/7/18,0.006
2010/7/19,0.006
2010/7/20,0.005
2010/7/21,0.007
2010/7/22,0.007
2010/7/23,0.007
2010/7/24,0.006
2010/7/25,0.005
2010/7/26,0.005
2010/7/27,0.006
2010/7/28,0.005
2010/7/29,0.005
2010/7/30,0.005
2010/7/31,0.005
2010/8/1,0.005
2010/8/2,0.005
2010/8/3,0.004
2010/8/4,0.118
2010/8/5,0.028
2010/8/6,0.004
2010/8/7,0.005
2010/8/8,0.006
2010/8/9,0.006
2010/8/10,0.094
2010/8/11,0.036
2010/8/12,0.006
2010/8/13,0.007
2010/8/14,0.067
2010/8/15,0.01
2010/8/16,0.014
2010/8/17,0.013
2010/8/18,0.014
2010/8/19,0.013
2010/8/20,0.013
2010/8/21,0.013
2010/8/22,0.12
2010/8/23,0.426
2010/8/24,0.028
2010/8/25,1.27
2010/8/26,1.3
2010/8/27,0.401
2010/8/28,0.063
2010/8/29,0.028
2010/8/30,0.012
2010/8/31,0.011
2010/9/1,0.011
2010/9/2,0.011
2010/9/3,0.01
2010/9/4,0.01
2010/9/5,0.01
2010/9/6,0.171
2010/9/7,0.248
2010/9/8,0.018
2010/9/9,0.023
2010/9/10,0.022
2010/9/11,0.011
2010/9/12,0.01
2010/9/13,0.01
2010/9/14,0.011
2010/9/15,0.011
2010/9/16,0.011
2010/9/17,0.012
2010/9/18,0.011
2010/9/19,0.011
2010/9/20,0.01
2010/9/21,0.01
2010/9/22,0.01
2010/9/23,0.01
2010/9/24,0.014
2010/9/25,0.013
2010/9/26,0.015
2010/9/27,0.066
2010/9/28,0.018
2010/9/29,0.463
2010/9/30,0.149
2010/10/1,0.342
2010/10/2,0.41
2010/10/3,0.303
2010/10/4,0.057
2010/10/5,0.027
2010/10/6,0.105
2010/10/7,0.016
2010/10/8,0.01
2010/10/9,0.01
2010/10/10,0.011
2010/10/11,0.012
2010/10/12,0.011
2010/10/13,0.01
2010/10/14,0.01
2010/10/15,0.01
2010/10/16,0.021
2010/10/17,0.014
2010/10/18,0.021
2010/10/19,0.271
2010/10/20,0.08
2010/10/21,0.008
2010/10/22,0.032
2010/10/23,0.206
2010/10/24,0.028
2010/10/25,0.011
2010/10/26,0.116
2010/10/27,0.051
2010/10/28,0.007
2010/10/29,0.006
2010/10/30,0.006
2010/10/31,0.018
2010/11/1,0.02
2010/11/2,0.014
2010/11/3,0.02
2010/11/4,0.035
2010/11/5,0.267
2010/11/6,0.174
2010/11/7,0.017
2010/11/8,0.355
2010/11/9,0.105
2010/11/10,0.037
2010/11/11,0.161
2010/11/12,0.067
2010/11/13,0.053
2010/11/14,0.148
2010/11/15,0.079
2010/11/16,0.022
2010/11/17,0.019
2010/11/18,0.031
2010/11/19,0.018
2010/11/20,0.005
2010/11/21,0.002
2010/11/22,0.008
2010/11/23,0.015
2010/11/24,0.008
2010/11/25,0.006
2010/11/26,0.002
2010/11/27,0.004
2010/11/28,0.009
2010/11/29,0.011
2010/11/30,0.019
2010/12/1,0.013
2010/12/2,0.013
2010/12/3,0.005
2010/12/4,0.056
2010/12/5,0.05
2010/12/6,0.021
2010/12/7,0.018
2010/12/8,0.016
2010/12/9,0.006
2010/12/10,0.003
2010/12/11,0.005
2010/12/12,0.004
2010/12/13,0.005
2010/12/14,0.044
2010/12/15,0.032
2010/12/16,0.085
2010/12/17,0.052
2010/12/18,0.022
2010/12/19,0.01
2010/12/20,0.004
2010/12/21,0.004
2010/12/22,0.012
2010/12/23,0.015
2010/12/24,0.008
2010/12/25,0.007
2010/12/26,0.002
2010/12/27,0.034
2010/12/28,0.28
2010/12/29,0.103
2010/12/30,0.052
2010/12/31,0.03
2011/1/1,0.042
2011/1/2,0.045
2011/1/3,0.021
2011/1/4,0.011
2011/1/5,0.031
2011/1/6,0.031
2011/1/7,0.671
2011/1/8,0.242
2011/1/9,0.084
2011/1/10,0.087
2011/1/11,0.268
2011/1/12,0.692
2011/1/13,0.366
2011/1/14,0.237
2011/1/15,0.115
2011/1/16,0.121
2011/1/17,1.11
2011/1/18,0.734
2011/1/19,0.162
2011/1/20,0.14
2011/1/21,0.13
2011/1/22,0.153
2011/1/23,0.15
2011/1/24,0.1
2011/1/25,0.111
2011/1/26,0.154
2011/1/27,0.123
2011/1/28,0.108
2011/1/29,0.112
2011/1/30,0.111
2011/1/31,0.111
2011/2/1,0.115
2011/2/2,0.107
2011/2/3,0.1
2011/2/4,0.099
2011/2/5,0.097
2011/2/6,0.096
2011/2/7,0.099
2011/2/8,0.095
2011/2/9,0.095
2011/2/10,0.222
2011/2/11,0.145
2011/2/12,0.145
2011/2/13,0.227
2011/2/14,0.149
2011/2/15,0.081
2011/2/16,0.069
2011/2/17,0.052
2011/2/18,0.053
2011/2/19,0.402
2011/2/20,0.099
2011/2/21,0.071
2011/2/22,0.069
2011/2/23,0.157
2011/2/24,0.081
2011/2/25,0.101
2011/2/26,0.401
2011/2/27,0.311
2011/2/28,0.212
2011/3/1,0.14
2011/3/2,0.121
2011/3/3,0.114
2011/3/4,0.106
2011/3/5,0.106
2011/3/6,0.101
2011/3/7,0.096
2011/3/8,0.089
2011/3/9,0.085
2011/3/10,0.089
2011/3/11,0.087
2011/3/12,0.086
2011/3/13,0.095
2011/3/14,0.082
2011/3/15,0.079
2011/3/16,0.077
2011/3/17,0.072
2011/3/18,0.092
2011/3/19,0.084
2011/3/20,0.081
2011/3/21,0.079
2011/3/22,0.076
2011/3/23,0.056
2011/3/24,0.04
2011/3/25,0.04
2011/3/26,0.04
2011/3/27,0.04
2011/3/28,0.036
2011/3/29,0.04
2011/3/30,0.058
2011/3/31,0.074
2011/4/1,0.038
2011/4/2,0.03
2011/4/3,0.131
2011/4/4,0.018
2011/4/5,0.002
2011/4/6,0.001
2011/4/7,0.001
2011/4/8,0.001
2011/4/9,0.001
2011/4/10,0.001
2011/4/11,0.005
2011/4/12,0.005
2011/4/13,0.001
2011/4/14,0.002
2011/4/15,0.002
2011/4/16,0.002
2011/4/17,0.001
2011/4/18,0.001
2011/4/19,0
2011/4/20,0
2011/4/21,0
2011/4/22,0
2011/4/23,0.085
2011/4/24,0.041
2011/4/25,0.001
2011/4/26,0.001
2011/4/27,0.001
2011/4/28,0.001
2011/4/29,0.013
2011/4/30,0.002
2011/5/1,0.001
2011/5/2,0.001
2011/5/3,0.002
2011/5/4,0.002
2011/5/5,0.002
2011/5/6,0.001
2011/5/7,0.001
2011/5/8,0.041
2011/5/9,0.001
2011/5/10,0.002
2011/5/11,0.002
2011/5/12,0.002
2011/5/13,0.002
2011/5/14,0.003
2011/5/15,0.002
2011/5/16,0.002
2011/5/17,0.002
2011/5/18,0.002
2011/5/19,0.002
2011/5/20,0.002
2011/5/21,0.002
2011/5/22,0.003
2011/5/23,0.003
2011/5/24,0.004
2011/5/25,0.003
2011/5/26,0.004
2011/5/27,0.004
2011/5/28,0.003
2011/5/29,0.002
2011/5/30,0.002
2011/5/31,0.004
2011/6/1,0.011
2011/6/2,0.011
2011/6/3,0.01
2011/6/4,0.009
2011/6/5,0.01
2011/6/6,0.01
2011/6/7,0.009
2011/6/8,0.01
2011/6/9,0.01
2011/6/10,0.009
2011/6/11,0.008
2011/6/12,0.008
2011/6/13,0.007
2011/6/14,0.007
2011/6/15,0.007
2011/6/16,0.008
2011/6/17,0.008
2011/6/18,0.038
2011/6/19,0.008
2011/6/20,0.002
2011/6/21,0.002
2011/6/22,0.006
2011/6/23,0.003
2011/6/24,0.015
2011/6/25,0.114
2011/6/26,0.002
2011/6/27,0.001
2011/6/28,0.003
2011/6/29,0.003
2011/6/30,0.003
2011/7/1,0.003
2011/7/2,0.003
2011/7/3,0.002
2011/7/4,0.002
2011/7/5,0.002
2011/7/6,0.002
2011/7/7,0.002
2011/7/8,0.007
2011/7/9,0.012
2011/7/10,0.1
2011/7/11,0.057
2011/7/12,0.002
2011/7/13,0.003
2011/7/14,0.003
2011/7/15,0.002
2011/7/16,0.065
2011/7/17,0.139
2011/7/18,0.159
2011/7/19,0.021
2011/7/20,0.003
2011/7/21,0.004
2011/7/22,0.004
2011/7/23,0.005
2011/7/24,0.004
2011/7/25,0.005
2011/7/26,0.005
2011/7/27,0.005
2011/7/28,0.004
2011/7/29,0.004
2011/7/30,0.004
2011/7/31,0.004
2011/8/1,0.003
2011/8/2,0.003
2011/8/3,0.003
2011/8/4,0.004
2011/8/5,0.003
2011/8/6,0.003
2011/8/7,0.004
2011/8/8,0.004
2011/8/9,0.005
2011/8/10,0.004
2011/8/11,0.003
2011/8/12,0.003
2011/8/13,0.003
2011/8/14,0.004
2011/8/15,0.004
2011/8/16,0.004
2011/8/17,0.004
2011/8/18,0.005
2011/8/19,0.004
2011/8/20,0.005
2011/8/21,0.005
2011/8/22,0.005
2011/8/23,0.006
2011/8/24,0.014
2011/8/25,0.012
2011/8/26,0.053
2011/8/27,0.066
2011/8/28,0.028
2011/8/29,0.005
2011/8/30,0.005
2011/8/31,0.006
2011/9/1,0.005
2011/9/2,0.005
2011/9/3,0.005
2011/9/4,0.436
2011/9/5,0.065
2011/9/6,0.007
2011/9/7,0.006
2011/9/8,0.006
2011/9/9,0.005
2011/9/10,0.005
2011/9/11,0.006
2011/9/12,0.009
2011/9/13,0.011
2011/9/14,0.011
2011/9/15,0.01
2011/9/16,0.01
2011/9/17,0.009
2011/9/18,0.009
2011/9/19,0.009
2011/9/20,0.008
2011/9/21,0.008
2011/9/22,0.008
2011/9/23,0.007
2011/9/24,0.007
2011/9/25,0.007
2011/9/26,0.008
2011/9/27,0.011
2011/9/28,0.007
2011/9/29,0.007
2011/9/30,0.008
2011/10/1,0.009
2011/10/2,0.006
2011/10/3,0.006
2011/10/4,0.007
2011/10/5,0.009
2011/10/6,0.012
2011/10/7,0.018
2011/10/8,0.011
2011/10/9,0.01
2011/10/10,0.011
2011/10/11,0.011
2011/10/12,0.013
2011/10/13,0.022
2011/10/14,0.019
2011/10/15,0.016
2011/10/16,0.013
2011/10/17,0.009
2011/10/18,0.013
2011/10/19,0.02
2011/10/20,0.015
2011/10/21,0.009
2011/10/22,0.008
2011/10/23,0.007
2011/10/24,0.005
2011/10/25,0.005
2011/10/26,0.006
2011/10/27,0.007
2011/10/28,0.008
2011/10/29,0.004
2011/10/30,0.004
2011/10/31,0.004
2011/11/1,0.005
2011/11/2,0.004
2011/11/3,0.005
2011/11/4,0.007
2011/11/5,0.01
2011/11/6,0.014
2011/11/7,0.007
2011/11/8,0.007
2011/11/9,0.009
2011/11/10,0.01
2011/11/11,0.01
2011/11/12,0.014
2011/11/13,0.012
2011/11/14,0.011
2011/11/15,0.012
2011/11/16,0.01
2011/11/17,0.026
2011/11/18,0.021
2011/11/19,0.025
2011/11/20,0.021
2011/11/21,0.015
2011/11/22,0.022
2011/11/23,0.018
2011/11/24,0.01
2011/11/25,0.019
2011/11/26,0.008
2011/11/27,0.016
2011/11/28,0.008
2011/11/29,0.009
2011/11/30,0.006
2011/12/1,0.007
2011/12/2,0.005
2011/12/3,0.003
2011/12/4,0.005
2011/12/5,0.009
2011/12/6,0.004
2011/12/7,0.008
2011/12/8,0.003
2011/12/9,0.008
2011/12/10,0.006
2011/12/11,0.002
2011/12/12,0.003
2011/12/13,0.003
2011/12/14,0.003
2011/12/15,0.003
2011/12/16,0.01
2011/12/17,0.012
2011/12/18,0.009
2011/12/19,0.004
2011/12/20,0.007
2011/12/21,0.007
2011/12/22,0.005
2011/12/23,0.063
2011/12/24,0.05
2011/12/25,0.001
2011/12/26,0.004
2011/12/27,0.001
2011/12/28,0.003
2011/12/29,0.001
2011/12/30,0
2011/12/31,0
2012/1/1,0
2012/1/2,0.001
2012/1/3,0.093
2012/1/4,0.021
2012/1/5,0.007
2012/1/6,0.001
2012/1/7,0.003
2012/1/8,0.003
2012/1/9,0.002
2012/1/10,0.003
2012/1/11,0.001
2012/1/12,0.003
2012/1/13,0.004
2012/1/14,0.003
2012/1/15,0.003
2012/1/16,0.003
2012/1/17,0.003
2012/1/18,0.001
2012/1/19,0.003
2012/1/20,0.001
2012/1/21,0.002
2012/1/22,0.005
2012/1/23,0.006
2012/1/24,0.002
2012/1/25,0.002
2012/1/26,0.005
2012/1/27,0.007
2012/1/28,0.007
2012/1/29,0.006
2012/1/30,0.006
2012/1/31,0.008
2012/2/1,0.009
2012/2/2,0.009
2012/2/3,0.009
2012/2/4,0.004
2012/2/5,0.004
2012/2/6,0.007
2012/2/7,0.009
2012/2/8,0.008
2012/2/9,0.006
2012/2/10,0.008
2012/2/11,0.008
2012/2/12,0.003
2012/2/13,0.002
2012/2/14,0.003
2012/2/15,0.007
2012/2/16,0.005
2012/2/17,0.003
2012/2/18,0.009
2012/2/19,0.011
2012/2/20,0.003
2012/2/21,0.003
2012/2/22,0.003
2012/2/23,0.003
2012/2/24,0.006
2012/2/25,0.007
2012/2/26,0.003
2012/2/27,0.002
2012/2/28,0.002
2012/2/29,0.003
2012/3/1,0.005
2012/3/2,0.001
2012/3/3,0.002
2012/3/4,0.005
2012/3/5,0.01
2012/3/6,0.006
2012/3/7,0.012
2012/3/8,0.009
2012/3/9,0.009
2012/3/10,0.011
2012/3/11,0.008
2012/3/12,0.008
2012/3/13,0.009
2012/3/14,0.007
2012/3/15,0.003
2012/3/16,0.002
2012/3/17,0.003
2012/3/18,0.008
2012/3/19,0.006
2012/3/20,0.005
2012/3/21,0.005
2012/3/22,0.004
2012/3/23,0.004
2012/3/24,0.004
2012/3/25,0.004
2012/3/26,0.003
2012/3/27,0.003
2012/3/28,0.001
2012/3/29,0.001
2012/3/30,0.001
2012/3/31,0.004
2012/4/1,0.001
2012/4/2,0.001
2012/4/3,0.001
2012/4/4,0.002
2012/4/5,0.004
2012/4/6,0.001
2012/4/7,0.001
2012/4/8,0.001
2012/4/9,0.001
2012/4/10,0.001
2012/4/11,0.001
2012/4/12,0.001
2012/4/13,0
2012/4/14,0.002
2012/4/15,0.003
2012/4/16,0
2012/4/17,0
2012/4/18,0
2012/4/19,0.001
2012/4/20,0.002
2012/4/21,0.001
2012/4/22,0.001
2012/4/23,0.002
2012/4/24,0.021
2012/4/25,0.764
2012/4/26,0.225
2012/4/27,0.196
2012/4/28,0.825
2012/4/29,1.54
2012/4/30,0.238
2012/5/1,0.871
2012/5/2,0.437
2012/5/3,0.6
2012/5/4,0.134
2012/5/5,0.098
2012/5/6,0.074
2012/5/7,0.072
2012/5/8,0.103
2012/5/9,0.313
2012/5/10,0.408
2012/5/11,0.142
2012/5/12,0.077
2012/5/13,0.064
2012/5/14,0.168
2012/5/15,0.246
2012/5/16,0.103
2012/5/17,0.077
2012/5/18,0.075
2012/5/19,0.073
2012/5/20,0.073
2012/5/21,0.074
2012/5/22,0.064
2012/5/23,0.057
2012/5/24,0.055
2012/5/25,0.046
2012/5/26,0.043
2012/5/27,0.041
2012/5/28,0.043
2012/5/29,0.038
2012/5/30,0.047
2012/5/31,0.051
2012/6/1,0.044
2012/6/2,0.146
2012/6/3,0.9
2012/6/4,0.495
2012/6/5,0.196
2012/6/6,0.183
2012/6/7,0.554
2012/6/8,0.507
2012/6/9,0.162
2012/6/10,0.553
2012/6/11,2.59
2012/6/12,0.613
2012/6/13,0.321
2012/6/14,0.4
2012/6/15,0.498
2012/6/16,0.25
2012/6/17,0.24
2012/6/18,0.306
2012/6/19,0.199
2012/6/20,0.225
2012/6/21,0.479
2012/6/22,0.245
2012/6/23,0.404
2012/6/24,0.661
2012/6/25,0.233
2012/6/26,0.196
2012/6/27,0.195
2012/6/28,0.195
2012/6/29,0.178
2012/6/30,0.172
2012/7/1,0.159
2012/7/2,0.21
2012/7/3,0.236
2012/7/4,0.221
2012/7/5,0.18
2012/7/6,0.432
2012/7/7,0.49
2012/7/8,0.509
2012/7/9,0.215
2012/7/10,0.353
2012/7/11,0.529
2012/7/12,0.586
2012/7/13,0.488
2012/7/14,0.634
2012/7/15,0.366
2012/7/16,0.268
2012/7/17,0.219
2012/7/18,0.313
2012/7/19,0.22
2012/7/20,0.362
2012/7/21,0.267
2012/7/22,0.179
2012/7/23,0.164
2012/7/24,0.161
2012/7/25,0.157
2012/7/26,0.15
2012/7/27,0.151
2012/7/28,0.144
2012/7/29,0.79
2012/7/30,0.268
2012/7/31,0.336
2012/8/1,0.19
2012/8/2,0.194
2012/8/3,0.166
2012/8/4,0.193
2012/8/5,0.215
2012/8/6,0.222
2012/8/7,0.229
2012/8/8,0.148
2012/8/9,0.13
2012/8/10,0.121
2012/8/11,0.115
2012/8/12,0.115
2012/8/13,0.116
2012/8/14,0.108
2012/8/15,0.112
2012/8/16,0.103
2012/8/17,0.092
2012/8/18,0.087
2012/8/19,0.082
2012/8/20,0.082
2012/8/21,0.08
2012/8/22,0.079
2012/8/23,0.076
2012/8/24,0.076
2012/8/25,0.251
2012/8/26,0.114
2012/8/27,0.084
2012/8/28,0.079
2012/8/29,0.275
2012/8/30,0.187
2012/8/31,0.108
2012/9/1,0.087
2012/9/2,0.089
2012/9/3,0.065
2012/9/4,0.065
2012/9/5,0.062
2012/9/6,0.044
2012/9/7,0.037
2012/9/8,0.027
2012/9/9,0.019
2012/9/10,0.021
2012/9/11,0.029
2012/9/12,0.062
2012/9/13,0.065
2012/9/14,0.031
2012/9/15,0.018
2012/9/16,0.016
2012/9/17,0.017
2012/9/18,0.015
2012/9/19,0.012
2012/9/20,0.009
2012/9/21,0.01
2012/9/22,0.014
2012/9/23,0.335
2012/9/24,0.604
2012/9/25,0.115
2012/9/26,0.052
2012/9/27,0.052
2012/9/28,0.049
2012/9/29,0.031
2012/9/30,0.014
2012/10/1,0.036
2012/10/2,0.029
2012/10/3,0.127
2012/10/4,0.232
2012/10/5,0.846
2012/10/6,0.542
2012/10/7,0.095
2012/10/8,0.083
2012/10/9,0.083
2012/10/10,0.042
2012/10/11,0.204
2012/10/12,0.171
2012/10/13,0.099
2012/10/14,0.08
2012/10/15,0.045
2012/10/16,0.113
2012/10/17,0.602
2012/10/18,0.315
2012/10/19,0.231
2012/10/20,0.173
2012/10/21,0.158
2012/10/22,0.127
2012/10/23,0.07
2012/10/24,0.058
2012/10/25,0.075
2012/10/26,0.055
2012/10/27,0.049
2012/10/28,0.053
2012/10/29,0.105
2012/10/30,0.076
2012/10/31,0.313
2012/11/1,0.57
2012/11/2,0.122
2012/11/3,0.071
2012/11/4,0.946
2012/11/5,0.192
2012/11/6,0.129
2012/11/7,0.098
2012/11/8,0.082
2012/11/9,0.068
2012/11/10,0.268
2012/11/11,0.107
2012/11/12,0.122
2012/11/13,0.108
2012/11/14,0.076
2012/11/15,0.075
2012/11/16,0.057
2012/11/17,0.075
2012/11/18,0.067
2012/11/19,0.053
2012/11/20,0.233
2012/11/21,0.928
2012/11/22,0.457
2012/11/23,0.513
2012/11/24,0.71
2012/11/25,0.693
2012/11/26,1.05
2012/11/27,1.03
2012/11/28,0.362
2012/11/29,0.278
2012/11/30,0.256
2012/12/1,0.239
2012/12/2,0.247
2012/12/3,0.343
2012/12/4,0.228
2012/12/5,0.279
2012/12/6,0.258
2012/12/7,0.379
2012/12/8,0.226
2012/12/9,0.212
2012/12/10,0.197
2012/12/11,0.191
2012/12/12,0.186
2012/12/13,0.165
2012/12/14,0.664
2012/12/15,0.427
2012/12/16,0.262
2012/12/17,0.229
2012/12/18,0.21
2012/12/19,0.428
2012/12/20,0.836
2012/12/21,0.318
2012/12/22,1.43
2012/12/23,0.526
2012/12/24,0.982
2012/12/25,0.506
2012/12/26,0.397
2012/12/27,0.455
2012/12/28,0.414
2012/12/29,0.678
2012/12/30,0.414
2012/12/31,1.17
2013/1/1,0.499
2013/1/2,0.42
2013/1/3,0.378
2013/1/4,0.358
2013/1/5,0.356
2013/1/6,0.344
2013/1/7,0.328
2013/1/8,0.352
2013/1/9,0.415
2013/1/10,0.333
2013/1/11,0.313
2013/1/12,0.32
2013/1/13,0.305
2013/1/14,0.329
2013/1/15,0.336
2013/1/16,0.307
2013/1/17,0.285
2013/1/18,0.269
2013/1/19,0.279
2013/1/20,0.291
2013/1/21,0.33
2013/1/22,0.31
2013/1/23,0.3
2013/1/24,0.295
2013/1/25,0.282
2013/1/26,0.889
2013/1/27,1.15
2013/1/28,0.488
2013/1/29,0.516
2013/1/30,0.76
2013/1/31,0.391
2013/2/1,0.444
2013/2/2,0.354
2013/2/3,0.323
2013/2/4,0.319
2013/2/5,0.359
2013/2/6,0.405
2013/2/7,0.386
2013/2/8,0.362
2013/2/9,0.311
2013/2/10,0.822
2013/2/11,0.698
2013/2/12,0.466
2013/2/13,0.459
2013/2/14,0.985
2013/2/15,0.484
2013/2/16,0.412
2013/2/17,0.388
2013/2/18,0.395
2013/2/19,0.388
2013/2/20,0.392
2013/2/21,0.386
2013/2/22,0.382
2013/2/23,0.368
2013/2/24,0.365
2013/2/25,0.354
2013/2/26,0.343
2013/2/27,0.331
2013/2/28,0.321
2013/3/1,0.325
2013/3/2,0.315
2013/3/3,0.282
2013/3/4,0.266
2013/3/5,0.266
2013/3/6,0.276
2013/3/7,0.397
2013/3/8,0.406
2013/3/9,0.345
2013/3/10,0.267
2013/3/11,0.286
2013/3/12,0.285
2013/3/13,0.318
2013/3/14,0.291
2013/3/15,0.462
2013/3/16,0.862
2013/3/17,1.19
2013/3/18,0.492
2013/3/19,0.353
2013/3/20,0.361
2013/3/21,0.323
2013/3/22,0.412
2013/3/23,0.652
2013/3/24,0.426
2013/3/25,0.375
2013/3/26,0.349
2013/3/27,0.344
2013/3/28,0.334
2013/3/29,0.316
2013/3/30,0.326
2013/3/31,0.303
2013/4/1,0.319
2013/4/2,0.311
2013/4/3,0.295
2013/4/4,0.302
2013/4/5,0.297
2013/4/6,0.275
2013/4/7,0.244
2013/4/8,0.255
2013/4/9,0.245
2013/4/10,0.285
2013/4/11,0.501
2013/4/12,0.358
2013/4/13,0.297
2013/4/14,0.252
2013/4/15,0.221
2013/4/16,0.211
2013/4/17,0.209
2013/4/18,0.199
2013/4/19,0.213
2013/4/20,0.188
2013/4/21,0.19
2013/4/22,0.194
2013/4/23,0.184
2013/4/24,0.178
2013/4/25,0.194
2013/4/26,0.258
2013/4/27,0.188
2013/4/28,0.179
2013/4/29,0.172
2013/4/30,0.163
2013/5/1,0.151
2013/5/2,0.145
2013/5/3,0.142
2013/5/4,0.133
2013/5/5,0.129
2013/5/6,0.121
2013/5/7,0.114
2013/5/8,0.118
2013/5/9,0.128
2013/5/10,0.133
2013/5/11,0.287
2013/5/12,0.193
2013/5/13,0.131
2013/5/14,0.463
2013/5/15,0.301
2013/5/16,0.141
2013/5/17,0.128
2013/5/18,0.122
2013/5/19,0.118
2013/5/20,0.117
2013/5/21,0.109
2013/5/22,0.108
2013/5/23,0.127
2013/5/24,0.327
2013/5/25,0.179
2013/5/26,0.118
2013/5/27,0.113
2013/5/28,0.39
2013/5/29,0.296
2013/5/30,0.423
2013/5/31,0.102
2013/6/1,0.097
2013/6/2,0.089
2013/6/3,0.08
2013/6/4,0.076
2013/6/5,0.07
2013/6/6,0.071
2013/6/7,0.057
2013/6/8,0.057
2013/6/9,0.058
2013/6/10,0.057
2013/6/11,0.058
2013/6/12,0.07
2013/6/13,0.067
2013/6/14,0.064
2013/6/15,0.105
2013/6/16,0.068
2013/6/17,0.054
2013/6/18,0.059
2013/6/19,0.084
2013/6/20,0.109
2013/6/21,0.107
2013/6/22,0.18
2013/6/23,0.107
2013/6/24,0.077
2013/6/25,0.059
2013/6/26,0.051
2013/6/27,0.067
2013/6/28,0.119
2013/6/29,0.075
2013/6/30,0.048
2013/7/1,0.039
2013/7/2,0.05
2013/7/3,0.055
2013/7/4,0.04
2013/7/5,0.024
2013/7/6,0.019
2013/7/7,0.017
2013/7/8,0.015
2013/7/9,0.018
2013/7/10,0.029
2013/7/11,0.023
2013/7/12,0.02
2013/7/13,0.01
2013/7/14,0.02
2013/7/15,0.012
2013/7/16,0.008
2013/7/17,0.011
2013/7/18,0.008
2013/7/19,0.006
2013/7/20,0.006
2013/7/21,0.004
2013/7/22,0.007
2013/7/23,0.049
2013/7/24,0.047
2013/7/25,0.213
2013/7/26,0.027
2013/7/27,0.143
2013/7/28,0.152
2013/7/29,0.164
2013/7/30,0.142
2013/7/31,0.045
2013/8/1,0.005
2013/8/2,0.003
2013/8/3,0.006
2013/8/4,0.004
2013/8/5,0.32
2013/8/6,0.1
2013/8/7,0.01
2013/8/8,0.005
2013/8/9,0.007
2013/8/10,0.006
2013/8/11,0.005
2013/8/12,0.006
2013/8/13,0.006
2013/8/14,0.004
2013/8/15,0.004
2013/8/16,0.006
2013/8/17,0.003
2013/8/18,0.006
2013/8/19,0.007
2013/8/20,0.006
2013/8/21,0.005
2013/8/22,0.083
2013/8/23,0.009
2013/8/24,0.28
2013/8/25,0.378
2013/8/26,0.032
2013/8/27,0.004
2013/8/28,0.003
2013/8/29,0.002
2013/8/30,0.002
2013/8/31,0.003
2013/9/1,0.003
2013/9/2,0.016
2013/9/3,0.015
2013/9/4,0.009
2013/9/5,0.008
2013/9/6,0.011
2013/9/7,0.014
2013/9/8,0.012
2013/9/9,0.059
2013/9/10,0.08
2013/9/11,0.031
2013/9/12,0.023
2013/9/13,0.339
2013/9/14,0.281
2013/9/15,0.05
2013/9/16,0.027
2013/9/17,0.101
2013/9/18,0.073
2013/9/19,0.036
2013/9/20,0.018
2013/9/21,0.01
2013/9/22,0.01
2013/9/23,0.006
2013/9/24,0.004
2013/9/25,0.007
2013/9/26,0.007
2013/9/27,0.004
2013/9/28,0.003
2013/9/29,0.003
2013/9/30,0.005
2013/10/1,0.005
2013/10/2,0.006
2013/10/3,0.004
2013/10/4,0.009
2013/10/5,0.009
2013/10/6,0.008
2013/10/7,0.007
2013/10/8,0.007
2013/10/9,0.007
2013/10/10,0.015
2013/10/11,0.016
2013/10/12,0.015
2013/10/13,0.456
2013/10/14,0.127
2013/10/15,0.022
2013/10/16,0.109
2013/10/17,0.047
2013/10/18,0.003
2013/10/19,0.029
2013/10/20,0.544
2013/10/21,0.158
2013/10/22,0.085
2013/10/23,0.148
2013/10/24,0.033
2013/10/25,0.041
2013/10/26,0.038
2013/10/27,0.557
2013/10/28,0.475
2013/10/29,0.077
2013/10/30,0.029
2013/10/31,0.032
2013/11/1,0.057
2013/11/2,0.031
2013/11/3,0.286
2013/11/4,0.474
2013/11/5,0.208
2013/11/6,0.174
2013/11/7,0.184
2013/11/8,0.33
2013/11/9,0.18
2013/11/10,0.088
2013/11/11,0.136
2013/11/12,0.166
2013/11/13,0.087
2013/11/14,0.063
2013/11/15,0.042
2013/11/16,0.046
2013/11/17,0.032
2013/11/18,0.025
2013/11/19,0.043
2013/11/20,0.17
2013/11/21,0.161
2013/11/22,0.058
2013/11/23,0.038
2013/11/24,0.032
2013/11/25,0.027
2013/11/26,0.023
2013/11/27,0.024
2013/11/28,0.023
2013/11/29,
2013/11/30,
2013/12/1,
2013/12/2,0.027
2013/12/3,0.033
2013/12/4,0.032
2013/12/5,0.042
2013/12/6,0.029
2013/12/7,0.031
2013/12/8,0.036
2013/12/9,0.034
2013/12/10,0.047
2013/12/11,0.049
2013/12/12,0.045
2013/12/13,0.05
2013/12/14,0.056
2013/12/15,0.098
2013/12/16,0.228
2013/12/17,0.235
2013/12/18,0.424
2013/12/19,0.285
2013/12/20,0.1
2013/12/21,0.333
2013/12/22,0.254
2013/12/23,1.51
2013/12/24,1.32
2013/12/25,0.423
2013/12/26,0.246
2013/12/27,0.32
2013/12/28,0.175
2013/12/29,0.146
2013/12/30,0.417
2013/12/31,0.411
2014/1/1,1.32
2014/1/2,0.552
2014/1/3,0.68
2014/1/4,1.61
2014/1/5,0.538
2014/1/6,0.799
2014/1/7,1.47
2014/1/8,0.677
2014/1/9,0.982
2014/1/10,0.48
2014/1/11,0.453
2014/1/12,0.447
2014/1/13,0.492
2014/1/14,0.462
2014/1/15,0.484
2014/1/16,0.697
2014/1/17,0.584
2014/1/18,0.477
2014/1/19,0.41
2014/1/20,0.36
2014/1/21,0.406
2014/1/22,0.574
2014/1/23,0.512
2014/1/24,0.523
2014/1/25,0.596
2014/1/26,0.851
2014/1/27,0.492
2014/1/28,0.454
2014/1/29,0.815
2014/1/30,0.622
2014/1/31,1.06
2014/2/1,0.878
2014/2/2,0.504
2014/2/3,0.47
2014/2/4,0.684
2014/2/5,1.3
2014/2/6,1.67
2014/2/7,1.98
2014/2/8,1.15
2014/2/9,0.805
2014/2/10,0.769
2014/2/11,0.783
2014/2/12,1.09
2014/2/13,0.733
2014/2/14,1.21
2014/2/15,0.85
2014/2/16,0.649
2014/2/17,0.648
2014/2/18,0.996
2014/2/19,0.655
2014/2/20,0.796
2014/2/21,0.619
2014/2/22,0.577
2014/2/23,0.573
2014/2/24,0.59
2014/2/25,0.848
2014/2/26,0.602
2014/2/27,0.77
2014/2/28,1.14
2014/3/1,0.703
2014/3/2,1.08
2014/3/3,0.92
2014/3/4,0.646
2014/3/5,0.592
2014/3/6,0.601
2014/3/7,0.559
2014/3/8,0.542
2014/3/9,0.53
2014/3/10,0.494
2014/3/11,0.501
2014/3/12,0.457
2014/3/13,0.483
2014/3/14,0.477
2014/3/15,0.46
2014/3/16,0.453
2014/3/17,0.45
2014/3/18,0.449
2014/3/19,0.434
2014/3/20,0.474
2014/3/21,0.448
2014/3/22,0.428
2014/3/23,0.4
2014/3/24,0.409
2014/3/25,0.455
2014/3/26,0.376
2014/3/27,0.46
2014/3/28,0.391
2014/3/29,0.36
2014/3/30,0.348
2014/3/31,0.344
2014/4/1,0.342
2014/4/2,0.326
2014/4/3,0.325
2014/4/4,0.311
2014/4/5,0.322
2014/4/6,0.326
2014/4/7,0.444
2014/4/8,0.31
2014/4/9,0.286
2014/4/10,0.278
2014/4/11,0.275
2014/4/12,0.268
2014/4/13,0.265
2014/4/14,0.253
2014/4/15,0.244
2014/4/16,0.24
2014/4/17,0.244
2014/4/18,0.234
2014/4/19,0.229
2014/4/20,0.525
2014/4/21,0.339
2014/4/22,0.277
2014/4/23,0.259
2014/4/24,0.287
2014/4/25,0.379
2014/4/26,0.295
2014/4/27,0.226
2014/4/28,0.21
2014/4/29,0.209
2014/4/30,0.203
2014/5/1,0.824
2014/5/2,0.347
2014/5/3,0.205
2014/5/4,0.191
2014/5/5,0.195
2014/5/6,0.224
2014/5/7,0.2
2014/5/8,0.599
2014/5/9,0.265
2014/5/10,0.315
2014/5/11,0.204
2014/5/12,0.189
2014/5/13,0.895
2014/5/14,0.291
2014/5/15,0.191
2014/5/16,0.184
2014/5/17,0.179
2014/5/18,0.174
2014/5/19,0.168
2014/5/20,0.168
2014/5/21,0.21
2014/5/22,0.868
2014/5/23,0.303
2014/5/24,0.633
2014/5/25,0.241
2014/5/26,0.243
2014/5/27,0.683
2014/5/28,0.627
2014/5/29,0.384
2014/5/30,0.244
2014/5/31,0.22
2014/6/1,0.209
2014/6/2,0.205
2014/6/3,0.266
2014/6/4,0.383
2014/6/5,0.221
2014/6/6,0.171
2014/6/7,0.269
2014/6/8,0.169
2014/6/9,0.233
2014/6/10,0.206
2014/6/11,0.137
2014/6/12,0.125
2014/6/13,0.127
2014/6/14,0.192
2014/6/15,0.12
2014/6/16,0.106
2014/6/17,0.095
2014/6/18,0.09
2014/6/19,0.09
2014/6/20,0.078
2014/6/21,0.072
2014/6/22,0.069
2014/6/23,0.129
2014/6/24,0.093
2014/6/25,0.063
2014/6/26,0.063
2014/6/27,0.079
2014/6/28,0.204
2014/6/29,0.108
2014/6/30,0.064
2014/7/1,0.051
2014/7/2,0.043
2014/7/3,0.036
2014/7/4,0.038
2014/7/5,0.119
2014/7/6,0.053
2014/7/7,0.033
2014/7/8,0.12
2014/7/9,0.074
2014/7/10,0.027
2014/7/11,0.049
2014/7/12,0.053
2014/7/13,0.127
2014/7/14,0.041
2014/7/15,0.023
2014/7/16,0.021
2014/7/17,0.029
2014/7/18,0.203
2014/7/19,0.089
2014/7/20,0.027
2014/7/21,0.014
2014/7/22,0.006
2014/7/23,0.005
2014/7/24,0.004
2014/7/25,0.011
2014/7/26,0.01
2014/7/27,0.01
2014/7/28,0.025
2014/7/29,0.018
2014/7/30,0.006
2014/7/31,0.005
2014/8/1,0.005
2014/8/2,0.158
2014/8/3,0.069
2014/8/4,0.007
2014/8/5,0.031
2014/8/6,0.121
2014/8/7,0.044
2014/8/8,0.577
2014/8/9,0.398
2014/8/10,0.318
2014/8/11,0.087
2014/8/12,0.036
2014/8/13,0.029
2014/8/14,0.118
2014/8/15,0.099
2014/8/16,0.032
2014/8/17,0.044
2014/8/18,0.049
2014/8/19,0.033
2014/8/20,0.018
2014/8/21,0.015
2014/8/22,0.011
2014/8/23,0.007
2014/8/24,0.005
2014/8/25,0.666
2014/8/26,0.622
2014/8/27,0.092
2014/8/28,0.049
2014/8/29,0.041
2014/8/30,0.035
2014/8/31,0.021
2014/9/1,0.03
2014/9/2,0.02
2014/9/3,0.016
2014/9/4,0.012
2014/9/5,0.008
2014/9/6,0.006
2014/9/7,0.004
2014/9/8,0.002
2014/9/9,0.002
2014/9/10,0.002
2014/9/11,0.002
2014/9/12,0.002
2014/9/13,0.003
2014/9/14,0.003
2014/9/15,0.003
2014/9/16,0.003
2014/9/17,0.004
2014/9/18,0.005
2014/9/19,0.104
2014/9/20,0.08
2014/9/21,0.01
2014/9/22,0.003
2014/9/23,0.003
2014/9/24,0.003
2014/9/25,0.003
2014/9/26,0.003
2014/9/27,0.003
2014/9/28,0.003
2014/9/29,0.004
2014/9/30,0.004
2014/10/1,0.004
2014/10/2,0.004
2014/10/3,0.005
2014/10/4,0.006
2014/10/5,0.006
2014/10/6,0.168
2014/10/7,0.091
2014/10/8,0.014
2014/10/9,0.012
2014/10/10,0.005
2014/10/11,0.005
2014/10/12,0.038
2014/10/13,1.27
2014/10/14,0.265
2014/10/15,0.294
2014/10/16,0.192
2014/10/17,0.03
2014/10/18,0.026
2014/10/19,0.07
2014/10/20,0.019
2014/10/21,0.024
2014/10/22,0.013
2014/10/23,0.013
2014/10/24,0.016
2014/10/25,0.017
2014/10/26,0.016
2014/10/27,0.016
2014/10/28,0.016
2014/10/29,0.026
2014/10/30,0.053
2014/10/31,0.017
2014/11/1,0.014
2014/11/2,0.223
2014/11/3,0.071
2014/11/4,0.014
2014/11/5,0.008
2014/11/6,0.024
2014/11/7,0.246
2014/11/8,0.235
2014/11/9,0.089
2014/11/10,0.008
2014/11/11,0.006
2014/11/12,0.091
2014/11/13,0.045
2014/11/14,0.838
2014/11/15,0.106
2014/11/16,0.157
2014/11/17,0.487
2014/11/18,0.096
2014/11/19,0.052
2014/11/20,0.038
2014/11/21,0.058
2014/11/22,0.091
2014/11/23,0.848
2014/11/24,0.162
2014/11/25,0.172
2014/11/26,0.291
2014/11/27,0.327
2014/11/28,0.13
2014/11/29,0.106
2014/11/30,0.092
2014/12/1,0.092
2014/12/2,0.108
2014/12/3,0.092
2014/12/4,0.084
2014/12/5,0.082
2014/12/6,0.075
2014/12/7,0.094
2014/12/8,0.084
2014/12/9,0.086
2014/12/10,0.091
2014/12/11,0.223
2014/12/12,0.384
2014/12/13,0.117
2014/12/14,0.099
2014/12/15,0.113
2014/12/16,0.291
2014/12/17,0.418
2014/12/18,0.142
2014/12/19,0.228
2014/12/20,0.116
2014/12/21,0.105
2014/12/22,0.101
2014/12/23,0.099
2014/12/24,0.17
2014/12/25,0.099
2014/12/26,0.537
2014/12/27,0.342
2014/12/28,0.139
2014/12/29,0.115
2014/12/30,0.109
2014/12/31,0.107
2015/1/1,0.11
2015/1/2,0.116
2015/1/3,0.692
2015/1/4,0.197
2015/1/5,0.137
2015/1/6,0.172
2015/1/7,0.136
2015/1/8,0.458
2015/1/9,0.202
2015/1/10,0.245
2015/1/11,0.153
2015/1/12,0.336
2015/1/13,0.476
2015/1/14,0.334
2015/1/15,0.5
2015/1/16,0.201
2015/1/17,0.175
2015/1/18,0.172
2015/1/19,0.16
2015/1/20,0.156
2015/1/21,0.155
2015/1/22,0.147
2015/1/23,0.185
2015/1/24,0.228
2015/1/25,0.153
2015/1/26,0.147
2015/1/27,0.138
2015/1/28,0.183
2015/1/29,0.169
2015/1/30,0.181
2015/1/31,0.222
2015/2/1,0.151
2015/2/2,0.14
2015/2/3,0.162
2015/2/4,0.14
2015/2/5,0.155
2015/2/6,0.145
2015/2/7,0.13
2015/2/8,0.162
2015/2/9,0.132
2015/2/10,0.121
2015/2/11,0.123
2015/2/12,0.118
2015/2/13,0.216
2015/2/14,0.244
2015/2/15,0.129
2015/2/16,0.471
2015/2/17,0.226
2015/2/18,0.137
2015/2/19,0.283
2015/2/20,0.3
2015/2/21,0.164
2015/2/22,0.355
2015/2/23,0.265
2015/2/24,0.158
2015/2/25,0.148
2015/2/26,0.398
2015/2/27,0.189
2015/2/28,0.198
2015/3/1,0.202
2015/3/2,0.152
2015/3/3,0.142
2015/3/4,0.132
2015/3/5,0.129
2015/3/6,0.129
2015/3/7,0.133
2015/3/8,0.132
2015/3/9,0.128
2015/3/10,0.122
2015/3/11,0.119
2015/3/12,0.117
2015/3/13,0.115
2015/3/14,0.11
2015/3/15,0.112
2015/3/16,0.118
2015/3/17,0.115
2015/3/18,0.106
2015/3/19,0.105
2015/3/20,0.106
2015/3/21,0.103
2015/3/22,0.097
2015/3/23,0.109
2015/3/24,0.091
2015/3/25,0.091
2015/3/26,0.312
2015/3/27,0.11
2015/3/28,0.096
2015/3/29,0.26
2015/3/30,0.158
2015/3/31,0.125
2015/4/1,0.124
2015/4/2,0.216
2015/4/3,0.3
2015/4/4,0.153
2015/4/5,0.095
2015/4/6,0.082
2015/4/7,0.082
2015/4/8,0.078
2015/4/9,0.081
2015/4/10,0.08
2015/4/11,0.082
2015/4/12,0.069
2015/4/13,0.067
2015/4/14,0.069
2015/4/15,0.065
2015/4/16,0.058
2015/4/17,0.055
2015/4/18,0.049
2015/4/19,0.045
2015/4/20,0.045
2015/4/21,0.041
2015/4/22,0.042
2015/4/23,0.043
2015/4/24,0.046
2015/4/25,0.125
2015/4/26,0.164
2015/4/27,0.056
2015/4/28,0.037
2015/4/29,0.109
2015/4/30,0.06
2015/5/1,0.031
2015/5/2,0.028
2015/5/3,0.342
2015/5/4,0.233
2015/5/5,0.242
2015/5/6,0.092
2015/5/7,0.065
2015/5/8,0.051
2015/5/9,0.043
2015/5/10,0.03
2015/5/11,0.028
2015/5/12,0.024
2015/5/13,0.021
2015/5/14,0.352
2015/5/15,0.139
2015/5/16,0.038
2015/5/17,0.022
2015/5/18,0.208
2015/5/19,0.181
2015/5/20,0.087
2015/5/21,0.033
2015/5/22,0.027
2015/5/23,0.017
2015/5/24,0.019
2015/5/25,0.016
2015/5/26,0.013
2015/5/27,0.01
2015/5/28,0.008
2015/5/29,0.121
2015/5/30,0.063
2015/5/31,0.052
2015/6/1,0.029
2015/6/2,0.027
2015/6/3,0.013
2015/6/4,0.007
2015/6/5,0.013
2015/6/6,0.008
2015/6/7,0.003
2015/6/8,0.002
2015/6/9,0.002
2015/6/10,0.002
2015/6/11,0.003
2015/6/12,0.031
2015/6/13,0.247
2015/6/14,0.043
2015/6/15,0.005
2015/6/16,0.002
2015/6/17,0.002
2015/6/18,0.002
2015/6/19,0.002
2015/6/20,0.065
2015/6/21,0.052
2015/6/22,0.003
2015/6/23,0.002
2015/6/24,0.002
2015/6/25,0.002
2015/6/26,0.002
2015/6/27,0.002
2015/6/28,0.003
2015/6/29,0.003
2015/6/30,0.009
2015/7/1,0.019
2015/7/2,0.035
2015/7/3,0.537
2015/7/4,0.399
2015/7/5,0.008
2015/7/6,0.002
2015/7/7,0.002
2015/7/8,0.002
2015/7/9,0.002
2015/7/10,0.001
2015/7/11,0.002
2015/7/12,0.002
2015/7/13,0.002
2015/7/14,0.002
2015/7/15,0.002
2015/7/16,0.003
2015/7/17,0.003
2015/7/18,0.003
2015/7/19,0.003
2015/7/20,0.003
2015/7/21,0.003
2015/7/22,0.006
2015/7/23,0.006
2015/7/24,0.558
2015/7/25,0.237
2015/7/26,0.17
2015/7/27,0.094
2015/7/28,0.003
2015/7/29,0.001
2015/7/30,0.001
2015/7/31,0.001
2015/8/1,0.001
2015/8/2,0.001
2015/8/3,0.004
2015/8/4,0.003
2015/8/5,0.003
2015/8/6,0.003
2015/8/7,0.003
2015/8/8,0.003
2015/8/9,0.003
2015/8/10,0.003
2015/8/11,0.003
2015/8/12,0.002
2015/8/13,0.002
2015/8/14,0.002
2015/8/15,0.002
2015/8/16,0.002
2015/8/17,0.003
2015/8/18,0.002
2015/8/19,0.002
2015/8/20,0.002
2015/8/21,0.002
2015/8/22,0.001
2015/8/23,0.001
2015/8/24,0.52
2015/8/25,0.066
2015/8/26,0.276
2015/8/27,0.024
2015/8/28,0
2015/8/29,0
2015/8/30,0
2015/8/31,0.048
2015/9/1,0.009
2015/9/2,0.029
2015/9/3,0.039
2015/9/4,0.001
2015/9/5,0
2015/9/6,0
2015/9/7,0
2015/9/8,0
2015/9/9,0
2015/9/10,0
2015/9/11,0
2015/9/12,0
2015/9/13,0
2015/9/14,0.035
2015/9/15,0.145
2015/9/16,0.592
2015/9/17,0.197
2015/9/18,0.004
2015/9/19,0
2015/9/20,0
2015/9/21,0
2015/9/22,0.001
2015/9/23,0.001
2015/9/24,0
2015/9/25,0
2015/9/26,0
2015/9/27,0
2015/9/28,0.001
2015/9/29,0.001
2015/9/30,0.001
2015/10/1,0.001
2015/10/2,0.002
2015/10/3,0.002
2015/10/4,0.002
2015/10/5,0.003
2015/10/6,0.156
2015/10/7,0.098
2015/10/8,0.001
2015/10/9,0.001
2015/10/10,0.001
2015/10/11,0.001
2015/10/12,0.002
2015/10/13,0.002
2015/10/14,0.003
2015/10/15,0.003
2015/10/16,0.003
2015/10/17,0.003
2015/10/18,0.003
2015/10/19,0.003
2015/10/20,0.003
2015/10/21,0.004
2015/10/22,0.005
2015/10/23,0.005
2015/10/24,0.007
2015/10/25,0.005
2015/10/26,0.006
2015/10/27,0.011
2015/10/28,0.313
2015/10/29,0.047
2015/10/30,0.138
2015/10/31,0.009
2015/11/1,0.002
2015/11/2,0.137
2015/11/3,0.009
2015/11/4,0.153
2015/11/5,0.162
2015/11/6,0.068
2015/11/7,0.304
2015/11/8,0.052
2015/11/9,0.005
2015/11/10,0.005
2015/11/11,0.005
2015/11/12,0.007
2015/11/13,0.009
2015/11/14,0.135
2015/11/15,0.054
2015/11/16,0.028
2015/11/17,0.363
2015/11/18,0.095
2015/11/19,0.034
2015/11/20,0.029
2015/11/21,0.073
2015/11/22,0.022
2015/11/23,0.028
2015/11/24,0.203
2015/11/25,0.049
2015/11/26,0.025
2015/11/27,0.04
2015/11/28,0.053
2015/11/29,0.059
2015/11/30,0.127
2015/12/1,0.128
2015/12/2,0.04
2015/12/3,0.078
2015/12/4,0.142
2015/12/5,0.037
2015/12/6,0.022
2015/12/7,0.021
2015/12/8,0.03
2015/12/9,0.018
2015/12/10,0.064
2015/12/11,0.106
2015/12/12,0.19
2015/12/13,0.414
2015/12/14,0.085
2015/12/15,0.12
2015/12/16,0.119
2015/12/17,0.057
2015/12/18,0.044
2015/12/19,0.036
2015/12/20,0.032
2015/12/21,0.038
2015/12/22,0.245
2015/12/23,0.184
2015/12/24,0.322
2015/12/25,0.13
2015/12/26,0.075
2015/12/27,0.127
2015/12/28,0.068
2015/12/29,0.049
2015/12/30,0.398
2015/12/31,0.431
2016/1/1,0.191
2016/1/2,0.351
2016/1/3,0.625
2016/1/4,0.221
2016/1/5,0.156
2016/1/6,0.162
2016/1/7,0.545
2016/1/8,0.183
2016/1/9,0.229
2016/1/10,0.348
2016/1/11,0.987
2016/1/12,0.258
2016/1/13,0.212
2016/1/14,0.214
2016/1/15,0.155
2016/1/16,0.151
2016/1/17,0.183
2016/1/18,0.158
2016/1/19,0.143
2016/1/20,0.138
2016/1/21,0.139
2016/1/22,0.232
2016/1/23,0.188
2016/1/24,0.212
2016/1/25,0.149
2016/1/26,0.155
2016/1/27,0.261
2016/1/28,0.169
2016/1/29,0.159
2016/1/30,0.222
2016/1/31,0.193
2016/2/1,0.143
2016/2/2,0.128
2016/2/3,0.122
2016/2/4,0.122
2016/2/5,0.134
2016/2/6,0.33
2016/2/7,0.375
2016/2/8,0.41
2016/2/9,0.17
2016/2/10,0.141
2016/2/11,0.136
2016/2/12,0.135
2016/2/13,0.177
2016/2/14,0.155
2016/2/15,0.121
2016/2/16,0.11
2016/2/17,0.32
2016/2/18,0.25
2016/2/19,0.151
2016/2/20,0.171
2016/2/21,0.146
2016/2/22,0.212
2016/2/23,0.135
2016/2/24,0.124
2016/2/25,0.119
2016/2/26,0.117
2016/2/27,0.114
2016/2/28,0.109
2016/2/29,0.106
2016/3/1,0.223
2016/3/2,0.148
2016/3/3,0.138
2016/3/4,0.17
2016/3/5,0.17
2016/3/6,0.131
2016/3/7,0.1
2016/3/8,0.23
2016/3/9,1.13
2016/3/10,0.287
2016/3/11,0.128
2016/3/12,0.138
2016/3/13,0.131
2016/3/14,0.13
2016/3/15,0.133
2016/3/16,0.138
2016/3/17,0.128
2016/3/18,0.127
2016/3/19,0.122
2016/3/20,0.119
2016/3/21,0.116
2016/3/22,0.116
2016/3/23,0.109
2016/3/24,0.201
2016/3/25,0.223
2016/3/26,0.216
2016/3/27,0.751
2016/3/28,0.902
2016/3/29,0.277
2016/3/30,0.189
2016/3/31,0.142
2016/4/1,0.135
2016/4/2,0.151
2016/4/3,0.194
2016/4/4,0.164
2016/4/5,0.13
2016/4/6,0.144
2016/4/7,0.147
2016/4/8,0.129
2016/4/9,0.153
2016/4/10,0.127
2016/4/11,0.168
2016/4/12,0.199
2016/4/13,0.132
2016/4/14,0.157
2016/4/15,0.664
2016/4/16,0.407
2016/4/17,0.221
2016/4/18,0.144
2016/4/19,0.13
2016/4/20,0.12
2016/4/21,0.118
2016/4/22,0.156
2016/4/23,0.148
2016/4/24,0.126
2016/4/25,0.145
2016/4/26,0.133
2016/4/27,0.115
2016/4/28,0.181
2016/4/29,0.186
2016/4/30,0.122
2016/5/1,0.114
2016/5/2,0.141
2016/5/3,0.134
2016/5/4,0.112
2016/5/5,0.112
2016/5/6,0.113
2016/5/7,0.111
2016/5/8,0.109
2016/5/9,0.116
2016/5/10,0.199
2016/5/11,0.233
2016/5/12,0.121
2016/5/13,0.093
2016/5/14,0.085
2016/5/15,0.082
2016/5/16,0.089
2016/5/17,0.082
2016/5/18,0.148
2016/5/19,0.106
2016/5/20,0.08
2016/5/21,0.085
2016/5/22,0.114
2016/5/23,0.108
2016/5/24,0.094
2016/5/25,0.074
2016/5/26,0.067
2016/5/27,0.061
2016/5/28,0.056
2016/5/29,0.054
2016/5/30,0.057
2016/5/31,0.944
2016/6/1,0.344
2016/6/2,0.134
2016/6/3,0.097
2016/6/4,0.083
2016/6/5,0.075
2016/6/6,0.07
2016/6/7,0.932
2016/6/8,0.336
2016/6/9,0.118
2016/6/10,0.143
2016/6/11,0.149
2016/6/12,0.19
2016/6/13,0.184
2016/6/14,0.113
2016/6/15,0.093
2016/6/16,0.225
2016/6/17,0.468
2016/6/18,0.272
2016/6/19,0.104
2016/6/20,0.996
2016/6/21,0.186
2016/6/22,0.16
2016/6/23,0.341
2016/6/24,0.146
2016/6/25,0.098
2016/6/26,0.084
2016/6/27,0.097
2016/6/28,0.139
2016/6/29,0.114
2016/6/30,0.076
2016/7/1,0.066
2016/7/2,0.059
2016/7/3,0.052
2016/7/4,0.047
2016/7/5,0.045
2016/7/6,0.048
2016/7/7,0.042
2016/7/8,0.04
2016/7/9,0.036
2016/7/10,0.04
2016/7/11,0.036
2016/7/12,0.246
2016/7/13,0.136
2016/7/14,0.043
2016/7/15,0.032
2016/7/16,0.028
2016/7/17,0.024
2016/7/18,0.014
2016/7/19,0.023
2016/7/20,0.018
2016/7/21,0.027
2016/7/22,0.048
2016/7/23,0.017
2016/7/24,0.01
2016/7/25,0.007
2016/7/26,0.005
2016/7/27,0.01
2016/7/28,0.006
2016/7/29,0.011
2016/7/30,0.012
2016/7/31,0.003
2016/8/1,0.027
2016/8/2,0.089
2016/8/3,0.022
2016/8/4,0.009
2016/8/5,0.029
2016/8/6,0.005
2016/8/7,0.002
2016/8/8,0.001
2016/8/9,0.001
2016/8/10,0.001
2016/8/11,0.001
2016/8/12,0.001
2016/8/13,0.001
2016/8/14,0.001
2016/8/15,0.001
2016/8/16,0.001
2016/8/17,0.001
2016/8/18,0.001
2016/8/19,0.001
2016/8/20,0.001
2016/8/21,0.001
2016/8/22,0.001
2016/8/23,0.001
2016/8/24,0.001
2016/8/25,0.001
2016/8/26,0.001
2016/8/27,0.001
2016/8/28,0.335
2016/8/29,0.149
2016/8/30,0.004
2016/8/31,0.001
2016/9/1,0
2016/9/2,0
2016/9/3,0.027
2016/9/4,0.031
2016/9/5,0.007
2016/9/6,0.001
2016/9/7,0.001
2016/9/8,0.001
2016/9/9,0.001
2016/9/10,0.032
2016/9/11,0.017
2016/9/12,0.001
2016/9/13,0.008
2016/9/14,0.01
2016/9/15,0.038
2016/9/16,1.06
2016/9/17,0.067
2016/9/18,0.003
2016/9/19,0.001
2016/9/20,0.001
2016/9/21,0.001
2016/9/22,0.001
2016/9/23,0.001
2016/9/24,0.001
2016/9/25,0.002
2016/9/26,0.033
2016/9/27,0.041
2016/9/28,0.046
2016/9/29,0.047
2016/9/30,0.046
2016/10/1,0.047
2016/10/2,0.049
2016/10/3,0.041
2016/10/4,0.033
2016/10/5,0.035
2016/10/6,0.036
2016/10/7,0.034
2016/10/8,0.035
2016/10/9,0.034
2016/10/10,0.039
2016/10/11,0.039
2016/10/12,0.039
2016/10/13,0.039
2016/10/14,0.038
2016/10/15,0.037
2016/10/16,0.279
2016/10/17,0.041
2016/10/18,0.003
2016/10/19,0.002
2016/10/20,0.003
2016/10/21,0.002
2016/10/22,0.002
2016/10/23,0.003
2016/10/24,0.004
2016/10/25,0.005
2016/10/26,0.006
2016/10/27,0.007
2016/10/28,0.007
2016/10/29,0.007
2016/10/30,0.007
2016/10/31,0.008
2016/11/1,0.01
2016/11/2,0.01
2016/11/3,0.011
2016/11/4,0.012
2016/11/5,0.013
2016/11/6,0.013
2016/11/7,0.013
2016/11/8,0.015
2016/11/9,0.225
2016/11/10,0.018
2016/11/11,0.003
2016/11/12,0.189
2016/11/13,0.032
2016/11/14,0.004
2016/11/15,0.006
2016/11/16,0.015
2016/11/17,0.075
2016/11/18,0.022
2016/11/19,0.075
2016/11/20,0.364
2016/11/21,0.908
2016/11/22,0.21
2016/11/23,0.041
2016/11/24,0.011
2016/11/25,0.003
2016/11/26,0.002
2016/11/27,0.002
2016/11/28,0.002
2016/11/29,0.002
2016/11/30,0.002
2016/12/1,0.002
2016/12/2,0.002
2016/12/3,0.002
2016/12/4,0.002
2016/12/5,0.002
2016/12/6,0.002
2016/12/7,0.002
2016/12/8,0.002
2016/12/9,0.002
2016/12/10,0.351
2016/12/11,0.197
2016/12/12,0.037
2016/12/13,0.032
2016/12/14,0.008
2016/12/15,0.003
2016/12/16,0.002
2016/12/17,0.001
2016/12/18,0.001
2016/12/19,0.001
2016/12/20,0.001
2016/12/21,0.001
2016/12/22,0.001
2016/12/23,0.002
2016/12/24,0.017
2016/12/25,0.002
2016/12/26,0.002
2016/12/27,0.002
2016/12/28,0.001
2016/12/29,0.001
2016/12/30,0.001
2016/12/31,0.001
2017/1/1,0.187
2017/1/2,0.092
2017/1/3,0.013
2017/1/4,0.002
2017/1/5,0.002
2017/1/6,0.028
2017/1/7,0.124
2017/1/8,0.025
2017/1/9,0.034
2017/1/10,0.03
2017/1/11,0.008
2017/1/12,0.268
2017/1/13,0.169
2017/1/14,0.045
2017/1/15,0.229
2017/1/16,0.319
2017/1/17,0.092
2017/1/18,0.046
2017/1/19,0.034
2017/1/20,0.029
2017/1/21,0.031
2017/1/22,0.027
2017/1/23,0.023
2017/1/24,0.022
2017/1/25,0.021
2017/1/26,0.02
2017/1/27,0.02
2017/1/28,0.023
2017/1/29,0.249
2017/1/30,0.181
2017/1/31,0.083
2017/2/1,0.157
2017/2/2,0.095
2017/2/3,0.073
2017/2/4,0.073
2017/2/5,0.043
2017/2/6,0.185
2017/2/7,0.251
2017/2/8,0.064
2017/2/9,0.042
2017/2/10,0.041
2017/2/11,0.063
2017/2/12,0.091
2017/2/13,0.056
2017/2/14,0.043
2017/2/15,0.081
2017/2/16,0.08
2017/2/17,0.043
2017/2/18,0.036
2017/2/19,0.035
2017/2/20,0.036
2017/2/21,0.036
2017/2/22,0.04
2017/2/23,0.058
2017/2/24,0.025
2017/2/25,0.044
2017/2/26,0.083
2017/2/27,0.078
2017/2/28,0.109
2017/3/1,0.099
2017/3/2,0.065
2017/3/3,0.167
2017/3/4,0.138
2017/3/5,0.235
2017/3/6,0.084
2017/3/7,0.045
2017/3/8,0.068
2017/3/9,0.046
2017/3/10,0.032
2017/3/11,0.032
2017/3/12,0.072
2017/3/13,0.049
2017/3/14,0.03
2017/3/15,0.025
2017/3/16,0.026
2017/3/17,0.029
2017/3/18,0.034
2017/3/19,0.03
2017/3/20,0.304
2017/3/21,0.104
2017/3/22,0.174
2017/3/23,0.146
2017/3/24,0.044
2017/3/25,0.026
2017/3/26,0.023
2017/3/27,0.021
2017/3/28,0.022
2017/3/29,0.024
2017/3/30,0.02
2017/3/31,0.018
2017/4/1,0.015
2017/4/2,0.011
2017/4/3,0.009
2017/4/4,0.007
2017/4/5,0.004
2017/4/6,0.002
2017/4/7,0.002
2017/4/8,0.002
2017/4/9,0.002
2017/4/10,0.002
2017/4/11,0.002
2017/4/12,0.002
2017/4/13,0.002
2017/4/14,0.002
2017/4/15,0.002
2017/4/16,0.002
2017/4/17,0.002
2017/4/18,0.002
2017/4/19,0.002
2017/4/20,0.002
2017/4/21,0.002
2017/4/22,0.002
2017/4/23,0.002
2017/4/24,0.002
2017/4/25,0.002
2017/4/26,0.002
2017/4/27,0.003
2017/4/28,0.003
2017/4/29,0.003
2017/4/30,0.003
2017/5/1,0.003
2017/5/2,0.003
2017/5/3,0.002
2017/5/4,0.002
2017/5/5,0.002
2017/5/6,0.002
2017/5/7,0.002
2017/5/8,0.002
2017/5/9,0.001
2017/5/10,0.001
2017/5/11,0.001
2017/5/12,0.001
2017/5/13,0.001
2017/5/14,0.002
2017/5/15,0.001
2017/5/16,0.002
2017/5/17,0.909
2017/5/18,0.284
2017/5/19,0.208
2017/5/20,0.162
2017/5/21,0.075
2017/5/22,0.007
2017/5/23,0.001
2017/5/24,0.001
2017/5/25,0.001
2017/5/26,0.001
2017/5/27,0.001
2017/5/28,0.001
2017/5/29,0.17
2017/5/30,0.091
2017/5/31,0.003
2017/6/1,0.001
2017/6/2,0.001
2017/6/3,0.001
2017/6/4,0.001
2017/6/5,0.001
2017/6/6,0.45
2017/6/7,0.052
2017/6/8,0.003
2017/6/9,0.001
2017/6/10,0.001
2017/6/11,0.001
2017/6/12,0.013
2017/6/13,0.018
2017/6/14,0.019
2017/6/15,0.021
2017/6/16,0.015
2017/6/17,0.011
2017/6/18,0.01
2017/6/19,0.01
2017/6/20,0.01
2017/6/21,0.009
2017/6/22,0.008
2017/6/23,0.007
2017/6/24,0.006
2017/6/25,0.006
2017/6/26,0.005
2017/6/27,0.005
2017/6/28,0.004
2017/6/29,0.005
2017/6/30,0.004
2017/7/1,0.004
2017/7/2,0.003
2017/7/3,0.003
2017/7/4,0.002
2017/7/5,0.001
2017/7/6,0.001
2017/7/7,0.001
2017/7/8,0.001
2017/7/9,0.001
2017/7/10,0
2017/7/11,0.001
2017/7/12,0.002
2017/7/13,0.002
2017/7/14,0.001
2017/7/15,0.001
2017/7/16,0.001
2017/7/17,0.001
2017/7/18,0.037
2017/7/19,0.128
2017/7/20,0.002
2017/7/21,0.016
2017/7/22,0.25
2017/7/23,0.194
2017/7/24,0.068
2017/7/25,0.001
2017/7/26,0.001
2017/7/27,0.001
2017/7/28,0.001
2017/7/29,0.143
2017/7/30,0.388
2017/7/31,0.019
2017/8/1,0.001
2017/8/2,0.023
2017/8/3,0.02
2017/8/4,0.001
2017/8/5,0.062
2017/8/6,0.019
2017/8/7,0.004
2017/8/8,0.02
2017/8/9,0.751
2017/8/10,0.104
2017/8/11,0.006
2017/8/12,0.001
2017/8/13,0.001
2017/8/14,0
2017/8/15,0
2017/8/16,0.002
2017/8/17,0.146
2017/8/18,0.014
2017/8/19,0.005
2017/8/20,0.013
2017/8/21,0.045
2017/8/22,0.003
2017/8/23,0.007
2017/8/24,0.005
2017/8/25,0.005
2017/8/26,0.005
2017/8/27,0.005
2017/8/28,0.005
2017/8/29,0.006
2017/8/30,0.005
2017/8/31,0.005
2017/9/1,0.005
2017/9/2,0.005
2017/9/3,0.003
2017/9/4,0.003
2017/9/5,0.003
2017/9/6,0.002
2017/9/7,0.003
2017/9/8,0.003
2017/9/9,0.004
2017/9/10,0.004
2017/9/11,0.005
2017/9/12,0.005
2017/9/13,0.008
2017/9/14,0.009
2017/9/15,0.01
2017/9/16,0.073
2017/9/17,0.115
2017/9/18,0.085
2017/9/19,0.052
2017/9/20,0.002
2017/9/21,0.002
2017/9/22,0.002
2017/9/23,0.002
2017/9/24,0.002
2017/9/25,0.002
2017/9/26,0.002
2017/9/27,0.038
2017/9/28,0.11
2017/9/29,0.011
2017/9/30,0.003
2017/10/1,0.006
2017/10/2,0.01
2017/10/3,0.01
2017/10/4,0.012
2017/10/5,0.018
2017/10/6,0.019
2017/10/7,0.02
2017/10/8,0.019
2017/10/9,0.019
2017/10/10,0.022
2017/10/11,0.022
2017/10/12,0.024
2017/10/13,0.026
2017/10/14,0.028
2017/10/15,0.03
2017/10/16,0.032
2017/10/17,0.034
2017/10/18,0.031
2017/10/19,0.032
2017/10/20,0.032
2017/10/21,0.033
2017/10/22,0.033
2017/10/23,0.031
2017/10/24,0.031
2017/10/25,0.034
2017/10/26,0.031
2017/10/27,0.03
2017/10/28,0.03
2017/10/29,0.03
2017/10/30,0.027
2017/10/31,0.026
2017/11/1,0.026
2017/11/2,0.024
2017/11/3,0.025
2017/11/4,0.025
2017/11/5,0.024
2017/11/6,0.023
2017/11/7,0.024
2017/11/8,0.026
2017/11/9,0.026
2017/11/10,0.025
2017/11/11,0.024
2017/11/12,0.024
2017/11/13,0.023
2017/11/14,0.023
2017/11/15,0.023
2017/11/16,0.022
2017/11/17,0.02
2017/11/18,0.021
2017/11/19,0.019
2017/11/20,0.022
2017/11/21,0.022
2017/11/22,0.023
2017/11/23,0.025
2017/11/24,0.022
2017/11/25,0.021
2017/11/26,0.02
2017/11/27,0.019
2017/11/28,0.018
2017/11/29,0.018
2017/11/30,0.017
2017/12/1,0.016
2017/12/2,0.014
2017/12/3,0.014
2017/12/4,0.014
2017/12/5,0.012
2017/12/6,0.011
2017/12/7,0.011
2017/12/8,0.009
2017/12/9,0.019
2017/12/10,0.018
2017/12/11,0.017
2017/12/12,0.018
2017/12/13,0.136
2017/12/14,0.07
2017/12/15,0.011
2017/12/16,0
2017/12/17,0
2017/12/18,0
2017/12/19,0
2017/12/20,0
2017/12/21,0
2017/12/22,0
2017/12/23,0
2017/12/24,0
2017/12/25,0
2017/12/26,0.582
2017/12/27,0.834
2017/12/28,0.107
2017/12/29,0.206
2017/12/30,0.159
2017/12/31,0.15
2018/1/1,0.073
2018/1/2,0.182
2018/1/3,0.186
2018/1/4,0.262
2018/1/5,0.088
2018/1/6,0.049
2018/1/7,0.025
2018/1/8,0.02
2018/1/9,0.021
2018/1/10,0.07
2018/1/11,0.052
2018/1/12,0.029
2018/1/13,0.02
2018/1/14,0.021
2018/1/15,0.189
2018/1/16,0.076
2018/1/17,0.041
2018/1/18,0.042
2018/1/19,0.029
2018/1/20,0.194
2018/1/21,0.6
2018/1/22,0.206
2018/1/23,0.089
2018/1/24,0.335
2018/1/25,0.132
2018/1/26,0.069
2018/1/27,0.062
2018/1/28,0.06
2018/1/29,0.053
2018/1/30,0.052
2018/1/31,0.205
2018/2/1,0.092
2018/2/2,0.054
2018/2/3,0.138
2018/2/4,0.1
2018/2/5,0.057
2018/2/6,0.052
2018/2/7,0.049
2018/2/8,0.071
2018/2/9,0.217
2018/2/10,0.112
2018/2/11,0.114
2018/2/12,0.071
2018/2/13,0.077
2018/2/14,0.275
2018/2/15,0.208
2018/2/16,0.076
2018/2/17,0.061
2018/2/18,0.058
2018/2/19,0.117
2018/2/20,0.133
2018/2/21,0.071
2018/2/22,0.056
2018/2/23,0.052
2018/2/24,0.05
2018/2/25,0.047
2018/2/26,0.047
2018/2/27,0.05
2018/2/28,0.057
2018/3/1,0.059
2018/3/2,0.065
2018/3/3,0.116
2018/3/4,0.142
2018/3/5,0.105
2018/3/6,0.09
2018/3/7,0.141
2018/3/8,0.164
2018/3/9,0.207
2018/3/10,0.227
2018/3/11,0.113
2018/3/12,0.174
2018/3/13,0.101
2018/3/14,0.08
2018/3/15,0.317
2018/3/16,0.118
2018/3/17,0.098
2018/3/18,0.088
2018/3/19,0.077
2018/3/20,0.069
2018/3/21,0.063
2018/3/22,0.06
2018/3/23,0.065
2018/3/24,0.076
2018/3/25,0.063
2018/3/26,0.061
2018/3/27,0.182
2018/3/28,0.353
2018/3/29,0.413
2018/3/30,0.667
2018/3/31,0.328
2018/4/1,0.36
2018/4/2,0.695
2018/4/3,0.255
2018/4/4,0.203
2018/4/5,0.167
2018/4/6,0.146
2018/4/7,0.14
2018/4/8,0.218
2018/4/9,0.336
2018/4/10,0.312
2018/4/11,0.166
2018/4/12,0.196
2018/4/13,0.153
2018/4/14,0.128
2018/4/15,0.126
2018/4/16,0.117
2018/4/17,0.111
2018/4/18,0.108
2018/4/19,0.107
2018/4/20,0.09
2018/4/21,0.129
2018/4/22,0.182
2018/4/23,0.096
2018/4/24,0.098
2018/4/25,0.108
2018/4/26,0.093
2018/4/27,0.532
2018/4/28,0.34
2018/4/29,0.12
2018/4/30,0.086
2018/5/1,0.082
2018/5/2,0.243
2018/5/3,0.12
2018/5/4,0.079
2018/5/5,0.072
2018/5/6,0.067
2018/5/7,0.065
2018/5/8,0.064
2018/5/9,0.061
2018/5/10,0.068
2018/5/11,0.055
2018/5/12,0.143
2018/5/13,0.121
2018/5/14,0.058
2018/5/15,0.047
2018/5/16,0.048
2018/5/17,0.043
2018/5/18,0.043
2018/5/19,0.04
2018/5/20,0.039
2018/5/21,0.037
2018/5/22,0.034
2018/5/23,0.03
2018/5/24,0.046
2018/5/25,0.154
2018/5/26,0.19
2018/5/27,0.257
2018/5/28,0.064
2018/5/29,0.781
2018/5/30,0.415
2018/5/31,0.095
2018/6/1,0.077
2018/6/2,0.072
2018/6/3,0.052
2018/6/4,0.046
2018/6/5,0.046
2018/6/6,0.042
2018/6/7,0.04
2018/6/8,0.036
2018/6/9,0.034
2018/6/10,0.031
2018/6/11,0.025
2018/6/12,0.02
2018/6/13,0.012
2018/6/14,0.011
2018/6/15,0.01
2018/6/16,0.01
2018/6/17,0.015
2018/6/18,0.019
2018/6/19,0.007
2018/6/20,0.004
2018/6/21,0.001
2018/6/22,0.001
2018/6/23,0.001
2018/6/24,0.001
2018/6/25,0.002
2018/6/26,0.004
2018/6/27,0.011
2018/6/28,0.011
2018/6/29,0.003
2018/6/30,0.001
2018/7/1,0.001
2018/7/2,0
2018/7/3,0.001
2018/7/4,0.001
2018/7/5,0.001
2018/7/6,0.001
2018/7/7,0.001
2018/7/8,0.001
2018/7/9,0.002
2018/7/10,0.002
2018/7/11,0.003
2018/7/12,0.003
2018/7/13,0.003
2018/7/14,0.002
2018/7/15,0.002
2018/7/16,0.002
2018/7/17,0.002
2018/7/18,0.001
2018/7/19,0.002
2018/7/20,0.002
2018/7/21,0.003
2018/7/22,0.001
2018/7/23,0.001
2018/7/24,0.001
2018/7/25,0.002
2018/7/26,0.002
2018/7/27,0.001
2018/7/28,0.001
2018/7/29,0
2018/7/30,0
2018/7/31,0.001
2018/8/1,0.002
2018/8/2,0.006
2018/8/3,0.006
2018/8/4,0.007
2018/8/5,0.008
2018/8/6,0.011
2018/8/7,0.01
2018/8/8,0.008
2018/8/9,0.007
2018/8/10,0.003
2018/8/11,0.003
2018/8/12,0.003
2018/8/13,0.004
2018/8/14,0.005
2018/8/15,0.006
2018/8/16,0.007
2018/8/17,0.003
2018/8/18,0.003
2018/8/19,0.002
2018/8/20,0.002
2018/8/21,0.002
2018/8/22,0.003
2018/8/23,0.005
2018/8/24,0.004
2018/8/25,0.002
2018/8/26,0.159
2018/8/27,0.051
2018/8/28,0.004
2018/8/29,0.003
2018/8/30,0.003
2018/8/31,0.002
2018/9/1,0
2018/9/2,0.001
2018/9/3,0.004
2018/9/4,0.004
2018/9/5,0.004
2018/9/6,0.004
2018/9/7,0.003
2018/9/8,0.004
2018/9/9,0.004
2018/9/10,0.004
2018/9/11,0.005
2018/9/12,0.005
2018/9/13,0.006
2018/9/14,0.008
2018/9/15,0.009
2018/9/16,0.012
2018/9/17,0.01
2018/9/18,0.009
2018/9/19,0.01
2018/9/20,0.015
2018/9/21,0.019
2018/9/22,0.016
2018/9/23,0.009
2018/9/24,0.007
2018/9/25,0.004
2018/9/26,0.003
2018/9/27,0.004
2018/9/28,0.002
2018/9/29,0
2018/9/30,0.001
2018/10/1,0.002
2018/10/2,0.004
2018/10/3,0.005
2018/10/4,0.011
2018/10/5,0.012
2018/10/6,0.014
2018/10/7,0.016
2018/10/8,0.018
2018/10/9,0.018
2018/10/10,0.022
2018/10/11,0.016
2018/10/12,0.023
2018/10/13,0.029
2018/10/14,0.643
2018/10/15,0.48
2018/10/16,0.041
2018/10/17,0.024
2018/10/18,0.021
2018/10/19,0.019
2018/10/20,0.025
2018/10/21,0.031
2018/10/22,0.03
2018/10/23,0.032
2018/10/24,0.03
2018/10/25,0.034
2018/10/26,0.038
2018/10/27,0.044
2018/10/28,0.044
2018/10/29,0.047
2018/10/30,0.04
2018/10/31,0.044
2018/11/1,0.044
2018/11/2,0.03
2018/11/3,0.037
2018/11/4,0.044
2018/11/5,0.039
2018/11/6,0.044
2018/11/7,0.046
2018/11/8,0.043
2018/11/9,0.052
2018/11/10,0.176
2018/11/11,0.258
2018/11/12,0.033
2018/11/13,0.009
2018/11/14,0.019
2018/11/15,0.023
2018/11/16,0.012
2018/11/17,0.011
2018/11/18,0.011
2018/11/19,0.011
2018/11/20,0.01
2018/11/21,0.008
2018/11/22,0.009
2018/11/23,0.011
2018/11/24,0.009
2018/11/25,0.01
2018/11/26,0.007
2018/11/27,0.008
2018/11/28,0.013
2018/11/29,0.015
2018/11/30,0.017
2018/12/1,0.023
2018/12/2,0.028
2018/12/3,0.016
2018/12/4,0.013
2018/12/5,0.262
2018/12/6,0.077
2018/12/7,0.341
2018/12/8,0.063
2018/12/9,0.038
2018/12/10,0.005
2018/12/11,0.002
2018/12/12,0.003
2018/12/13,0.003
2018/12/14,0.002
2018/12/15,0.013
2018/12/16,0.125
2018/12/17,0.085
2018/12/18,0.102
2018/12/19,0.138
2018/12/20,0.074
2018/12/21,0.152
2018/12/22,0.045
2018/12/23,0.175
2018/12/24,0.083
2018/12/25,0.013
2018/12/26,0.007
2018/12/27,0.007
2018/12/28,0.006
2018/12/29,0.004
2018/12/30,0.005
2018/12/31,0.006
2019/1/1,0.005
2019/1/2,0.005
2019/1/3,0.007
2019/1/4,0.009
2019/1/5,0.01
2019/1/6,0.008
2019/1/7,0.008
2019/1/8,0.008
2019/1/9,0.006
2019/1/10,0.004
2019/1/11,0.008
2019/1/12,0.011
2019/1/13,0.01
2019/1/14,0.004
2019/1/15,0.005
2019/1/16,0.006
2019/1/17,0.001
2019/1/18,0.001
2019/1/19,0.001
2019/1/20,0.001
2019/1/21,0.001
2019/1/22,0.001
2019/1/23,0.001
2019/1/24,0.001
2019/1/25,0.001
2019/1/26,0.001
2019/1/27,0.002
2019/1/28,0.002
2019/1/29,0.002
2019/1/30,0.003
2019/1/31,0.003
2019/2/1,0.005
2019/2/2,0.007
2019/2/3,0.003
2019/2/4,0.168
2019/2/5,0.055
2019/2/6,0.15
2019/2/7,0.089
2019/2/8,0.305
2019/2/9,0.108
2019/2/10,0.163
2019/2/11,0.042
2019/2/12,0.009
2019/2/13,0.004
2019/2/14,0.002
2019/2/15,0.002
2019/2/16,0.002
2019/2/17,0.001
2019/2/18,0.001
2019/2/19,0.001
2019/2/20,0.001
2019/2/21,0.001
2019/2/22,0
2019/2/23,0
2019/2/24,0
2019/2/25,0
2019/2/26,0.001
2019/2/27,0.001
2019/2/28,0.001
2019/3/1,0.003
2019/3/2,0.004
2019/3/3,0.005
2019/3/4,0.005
2019/3/5,0.004
2019/3/6,0.12
2019/3/7,0.08
2019/3/8,0.037
2019/3/9,0.05
2019/3/10,0.25
2019/3/11,0.031
2019/3/12,0.293
2019/3/13,0.092
2019/3/14,0.097
2019/3/15,0.042
2019/3/16,0.092
2019/3/17,0.105
2019/3/18,0.022
2019/3/19,0.005
2019/3/20,0.003
2019/3/21,0.004
2019/3/22,0.004
2019/3/23,0.005
2019/3/24,0.006
2019/3/25,0.005
2019/3/26,0.005
2019/3/27,0.005
2019/3/28,0.006
2019/3/29,0.006
2019/3/30,0.006
2019/3/31,0.006
2019/4/1,0.006
2019/4/2,0.007
2019/4/3,0.007
2019/4/4,0.008
2019/4/5,0.008
2019/4/6,0.008
2019/4/7,0.007
2019/4/8,0.006
2019/4/9,0.007
2019/4/10,0.009
2019/4/11,0.009
2019/4/12,0.007
2019/4/13,0.008
2019/4/14,0.008
2019/4/15,0.007
2019/4/16,0.007
2019/4/17,0.007
2019/4/18,0.007
2019/4/19,0.006
2019/4/20,0.005
2019/4/21,0.005
2019/4/22,0.005
2019/4/23,0.005
2019/4/24,0.006
2019/4/25,0.006
2019/4/26,0.006
2019/4/27,0.006
2019/4/28,0.006
2019/4/29,0.006
2019/4/30,0.006
2019/5/1,0.008
2019/5/2,0.007
2019/5/3,0.006
2019/5/4,0.005
2019/5/5,0.005
2019/5/6,0.005
2019/5/7,0.004
2019/5/8,0.008
2019/5/9,0.008
2019/5/10,0.032
2019/5/11,0.065
2019/5/12,0.003
2019/5/13,0.004
2019/5/14,0.004
2019/5/15,0.003
2019/5/16,0.003
2019/5/17,0.003
2019/5/18,0.003
2019/5/19,0.003
2019/5/20,0.003
2019/5/21,0.003
2019/5/22,0.003
2019/5/23,0.002
2019/5/24,0.002
2019/5/25,0.002
2019/5/26,0.002
2019/5/27,0.002
2019/5/28,0.001
2019/5/29,0.001
2019/5/30,0.001
2019/5/31,0.001
2019/6/1,0.001
2019/6/2,0.001
2019/6/3,0.001
2019/6/4,0.001
2019/6/5,0.002
2019/6/6,0.001
2019/6/7,0.001
2019/6/8,0.001
2019/6/9,0.001
2019/6/10,0.541
2019/6/11,0.805
2019/6/12,0.164
2019/6/13,0.211
2019/6/14,0.106
2019/6/15,0.01
2019/6/16,0.002
2019/6/17,0.002
2019/6/18,0.12
2019/6/19,0.115
2019/6/20,0.008
2019/6/21,0.002
2019/6/22,0.002
2019/6/23,0.002
2019/6/24,0.002
2019/6/25,0.002
2019/6/26,0.002
2019/6/27,0.001
2019/6/28,0.001
2019/6/29,0.001
2019/6/30,0.001
2019/7/1,0.001
2019/7/2,0
2019/7/3,0
2019/7/4,0
2019/7/5,0
2019/7/6,0
2019/7/7,0
2019/7/8,0.004
2019/7/9,0.006
2019/7/10,0.006
2019/7/11,0.007
2019/7/12,0.009
2019/7/13,0.009
2019/7/14,0.009
2019/7/15,0.01
2019/7/16,0.009
2019/7/17,0.011
2019/7/18,0.011
2019/7/19,0.009
2019/7/20,0.004
2019/7/21,0.003
2019/7/22,0.002
2019/7/23,0.002
2019/7/24,0.001
2019/7/25,0.001
2019/7/26,0.001
2019/7/27,0.001
2019/7/28,0
2019/7/29,0
2019/7/30,0
2019/7/31,0
2019/8/1,0
2019/8/2,0
2019/8/3,0
2019/8/4,0
2019/8/5,0
2019/8/6,0
2019/8/7,0
2019/8/8,0
2019/8/9,0.004
2019/8/10,0.001
2019/8/11,0.001
2019/8/12,0.001
2019/8/13,0.001
2019/8/14,0.062
2019/8/15,0.021
2019/8/16,0.061
2019/8/17,0.066
2019/8/18,0.003
2019/8/19,0.002
2019/8/20,0.002
2019/8/21,0.001
2019/8/22,0.001
2019/8/23,0.001
2019/8/24,0.001
2019/8/25,0.001
2019/8/26,0.001
2019/8/27,0.001
2019/8/28,0.002
2019/8/29,0.002
2019/8/30,0.002
2019/8/31,0.002
2019/9/1,0.001
2019/9/2,0.001
2019/9/3,0.001
2019/9/4,0.001
2019/9/5,0.001
2019/9/6,0.001
2019/9/7,0.001
2019/9/8,0.001
2019/9/9,0
2019/9/10,0
2019/9/11,0
2019/9/12,0
2019/9/13,0
2019/9/14,0
2019/9/15,0
2019/9/16,0
2019/9/17,0
2019/9/18,0
2019/9/19,0
2019/9/20,0
2019/9/21,0
2019/9/22,0
2019/9/23,0.001
2019/9/24,0
2019/9/25,0
2019/9/26,0
2019/9/27,0.001
2019/9/28,0.01
2019/9/29,0.152
2019/9/30,0.416
2019/10/1,0.739
2019/10/2,0.095
2019/10/3,0.002
2019/10/4,0.001
2019/10/5,0.002
2019/10/6,0.279
2019/10/7,0.006
2019/10/8,0.001
2019/10/9,0.001
2019/10/10,0.002
2019/10/11,0.003
2019/10/12,0.133
2019/10/13,0.441
2019/10/14,0.157
2019/10/15,0.059
2019/10/16,0.006
2019/10/17,0.024
2019/10/18,0.248
2019/10/19,0.013
2019/10/20,0.004
2019/10/21,0.005
2019/10/22,0.006
2019/10/23,0.006
2019/10/24,0.009
2019/10/25,0.016
2019/10/26,0.075
2019/10/27,0.042
2019/10/28,0.007
2019/10/29,0.007
2019/10/30,0.01
2019/10/31,0.012
2019/11/1,0.021
2019/11/2,0.528
2019/11/3,0.179
2019/11/4,0.022
2019/11/5,0.085
2019/11/6,0.135
2019/11/7,0.42
2019/11/8,0.062
2019/11/9,0.231
2019/11/10,0.178
2019/11/11,0.206
2019/11/12,0.054
2019/11/13,0.211
2019/11/14,0.919
2019/11/15,0.217
2019/11/16,0.173
2019/11/17,0.073
2019/11/18,0.066
2019/11/19,0.045
2019/11/20,0.04
2019/11/21,0.045
2019/11/22,0.092
2019/11/23,0.092
2019/11/24,0.083
2019/11/25,0.096
2019/11/26,0.156
2019/11/27,0.223
2019/11/28,0.256
2019/11/29,0.167
2019/11/30,0.078
2019/12/1,0.059
2019/12/2,0.05
2019/12/3,0.052
2019/12/4,0.054
2019/12/5,0.059
2019/12/6,0.222
2019/12/7,0.107
2019/12/8,0.146
2019/12/9,0.077
2019/12/10,0.171
2019/12/11,0.146
2019/12/12,0.636
2019/12/13,0.564
2019/12/14,0.417
2019/12/15,0.695
2019/12/16,0.462
2019/12/17,0.244
2019/12/18,0.274
2019/12/19,0.75
2019/12/20,1.14
2019/12/21,0.702
2019/12/22,0.432
2019/12/23,0.253
2019/12/24,0.302
2019/12/25,0.214
2019/12/26,0.322
2019/12/27,0.211
2019/12/28,0.177
2019/12/29,0.167
2019/12/30,0.161
2019/12/31,0.153
2020/1/1,0.15
2020/1/2,0.222
2020/1/3,0.443
2020/1/4,0.173
2020/1/5,0.15
2020/1/6,0.148
2020/1/7,0.148
2020/1/8,0.165
2020/1/9,0.27
2020/1/10,0.192
2020/1/11,0.143
2020/1/12,0.245
2020/1/13,0.458
2020/1/14,0.722
2020/1/15,0.697
2020/1/16,0.555
2020/1/17,0.864
2020/1/18,0.255
2020/1/19,0.206
2020/1/20,0.192
2020/1/21,0.189
2020/1/22,0.184
2020/1/23,0.182
2020/1/24,0.179
2020/1/25,0.176
2020/1/26,0.241
2020/1/27,0.564
2020/1/28,0.291
2020/1/29,0.186
2020/1/30,0.177
2020/1/31,0.171
2020/2/1,0.179
2020/2/2,0.299
2020/2/3,0.171
2020/2/4,0.146
2020/2/5,0.138
2020/2/6,0.135
2020/2/7,0.138
2020/2/8,0.144
2020/2/9,0.389
2020/2/10,0.241
2020/2/11,0.146
2020/2/12,0.191
2020/2/13,0.564
2020/2/14,0.271
2020/2/15,0.67
2020/2/16,1.36
2020/2/17,0.356
2020/2/18,0.244
2020/2/19,0.229
2020/2/20,0.444
2020/2/21,0.247
2020/2/22,0.218
2020/2/23,0.307
2020/2/24,0.314
2020/2/25,0.238
2020/2/26,0.222
2020/2/27,0.436
2020/2/28,0.794
2020/2/29,1.04
2020/3/1,0.409
2020/3/2,0.492
2020/3/3,0.298
2020/3/4,0.378
2020/3/5,0.658
2020/3/6,0.39
2020/3/7,0.307
2020/3/8,0.343
2020/3/9,0.499
2020/3/10,0.516
2020/3/11,0.318
2020/3/12,0.303
2020/3/13,0.291
2020/3/14,0.297
2020/3/15,0.353
2020/3/16,0.279
2020/3/17,0.253
2020/3/18,0.271
2020/3/19,0.267
2020/3/20,0.227
2020/3/21,0.215
2020/3/22,0.21
2020/3/23,0.206
2020/3/24,0.202
2020/3/25,0.197
2020/3/26,0.189
2020/3/27,0.189
2020/3/28,0.184
2020/3/29,0.18
2020/3/30,0.18
2020/3/31,0.175
2020/4/1,0.183
2020/4/2,0.181
2020/4/3,0.173
2020/4/4,0.168
2020/4/5,0.172
2020/4/6,0.17
2020/4/7,0.157
2020/4/8,0.15
2020/4/9,0.146
2020/4/10,0.143
2020/4/11,0.141
2020/4/12,0.152
2020/4/13,0.129
2020/4/14,0.123
2020/4/15,0.125
2020/4/16,0.126
2020/4/17,0.153
2020/4/18,0.694
2020/4/19,0.174
2020/4/20,0.134
2020/4/21,0.124
2020/4/22,0.12
2020/4/23,0.114
2020/4/24,0.115
2020/4/25,0.11
2020/4/26,0.108
2020/4/27,0.108
2020/4/28,0.356
2020/4/29,0.243
2020/4/30,0.442
2020/5/1,0.223
2020/5/2,0.136
2020/5/3,0.125
2020/5/4,0.102
2020/5/5,0.09
2020/5/6,0.087
2020/5/7,0.086
2020/5/8,0.083
2020/5/9,0.078
2020/5/10,0.077
2020/5/11,0.068
2020/5/12,0.08
2020/5/13,0.075
2020/5/14,0.068
2020/5/15,0.06
2020/5/16,0.059
2020/5/17,0.058
2020/5/18,0.053
2020/5/19,0.048
2020/5/20,0.043
2020/5/21,0.043
2020/5/22,0.034
2020/5/23,0.037
2020/5/24,0.033
2020/5/25,0.025
2020/5/26,0.022
2020/5/27,0.019
2020/5/28,0.013
2020/5/29,0.013
2020/5/30,0.01
2020/5/31,0.009
2020/6/1,0.008
2020/6/2,0.008
2020/6/3,0.008
2020/6/4,0.009
2020/6/5,0.077
2020/6/6,0.235
2020/6/7,0.139
2020/6/8,0.035
2020/6/9,0.016
2020/6/10,0.015
2020/6/11,0.017
2020/6/12,0.016
2020/6/13,0.01
2020/6/14,0.008
2020/6/15,0.006
2020/6/16,0.009
2020/6/17,0.878
2020/6/18,1.32
2020/6/19,0.099
2020/6/20,0.046
2020/6/21,0.035
2020/6/22,0.017
2020/6/23,0.011
2020/6/24,0.007
2020/6/25,0.004
2020/6/26,0.004
2020/6/27,0.053
2020/6/28,0.051
2020/6/29,0.011
2020/6/30,0.003
2020/7/1,0.003
2020/7/2,0.045
2020/7/3,0.051
2020/7/4,0.017
2020/7/5,0.005
2020/7/6,0.002
2020/7/7,0.012
2020/7/8,0.126
2020/7/9,0.172
2020/7/10,0.111
2020/7/11,0.021
2020/7/12,0.005
2020/7/13,0.005
2020/7/14,0.014
2020/7/15,0.005
2020/7/16,0.002
2020/7/17,0.002
2020/7/18,0.001
2020/7/19,0.009
2020/7/20,0.005
2020/7/21,0.002
2020/7/22,0.001
2020/7/23,0.001
2020/7/24,0.001
2020/7/25,0.247
2020/7/26,0.11
2020/7/27,0.088
2020/7/28,0.026
2020/7/29,0.002
2020/7/30,0.001
2020/7/31,0.001
2020/8/1,0
2020/8/2,0
2020/8/3,0
2020/8/4,0
2020/8/5,0
2020/8/6,0
2020/8/7,0
2020/8/8,0
2020/8/9,0
2020/8/10,0
2020/8/11,0
2020/8/12,0
2020/8/13,0.892
2020/8/14,0.459
2020/8/15,0.865
2020/8/16,0.456
2020/8/17,0.238
2020/8/18,0.059
2020/8/19,0.118
2020/8/20,0.056
2020/8/21,0.011
2020/8/22,0.002
2020/8/23,0.001
2020/8/24,0.013
2020/8/25,0.319
2020/8/26,0.06
2020/8/27,0.343
2020/8/28,1.01
2020/8/29,0.366
2020/8/30,0.111
2020/8/31,0.051
2020/9/1,0.037
2020/9/2,0.039
2020/9/3,0.064
2020/9/4,0.046
2020/9/5,0.025
2020/9/6,0.022
2020/9/7,0.022
2020/9/8,0.024
2020/9/9,0.02
2020/9/10,0.014
2020/9/11,0.014
2020/9/12,0.011
2020/9/13,0.01
2020/9/14,0.007
2020/9/15,0.006
2020/9/16,0.01
2020/9/17,0.021
2020/9/18,0.019
2020/9/19,0.013
2020/9/20,0.007
2020/9/21,0.009
2020/9/22,0.039
2020/9/23,0.692
2020/9/24,0.229
2020/9/25,0.048
2020/9/26,0.011
2020/9/27,0.004
2020/9/28,0.003
2020/9/29,0.03
2020/9/30,0.028
2020/10/1,0.049
2020/10/2,1.502
2020/10/3,2.164
2020/10/4,1.872
2020/10/5,0.372
2020/10/6,0.253
2020/10/7,0.223
2020/10/8,0.235
2020/10/9,0.131
2020/10/10,0.121
2020/10/11,0.114
2020/10/12,0.105
2020/10/13,0.112
2020/10/14,0.162
2020/10/15,0.103
2020/10/16,0.07
2020/10/17,0.057
2020/10/18,0.052
2020/10/19,0.053
2020/10/20,0.062
2020/10/21,0.549
2020/10/22,0.142
2020/10/23,0.122
2020/10/24,0.508
2020/10/25,0.274
2020/10/26,0.107
2020/10/27,0.128
2020/10/28,0.143
2020/10/29,0.218
2020/10/30,0.126
2020/10/31,0.407
2020/11/1,0.16
2020/11/2,0.168
2020/11/3,0.532
2020/11/4,0.153
2020/11/5,0.104
2020/11/6,0.095
2020/11/7,0.086
2020/11/8,0.106
2020/11/9,0.139
2020/11/10,0.109
2020/11/11,0.16
2020/11/12,0.177
2020/11/13,0.101
2020/11/14,0.358
2020/11/15,0.65
2020/11/16,0.186
2020/11/17,0.143
2020/11/18,0.132
2020/11/19,0.192
2020/11/20,0.163
2020/11/21,0.14
2020/11/22,0.126
2020/11/23,0.118
2020/11/24,0.122
2020/11/25,0.121
2020/11/26,0.115
2020/11/27,0.11
2020/11/28,0.105
2020/11/29,0.105
2020/11/30,0.114
2020/12/1,0.107
2020/12/2,0.114
2020/12/3,0.563
2020/12/4,0.271
2020/12/5,0.153
2020/12/6,0.151
2020/12/7,0.138
2020/12/8,0.194
2020/12/9,0.273
2020/12/10,0.238
2020/12/11,0.378
2020/12/12,0.192
2020/12/13,0.509
2020/12/14,0.58
2020/12/15,0.234
2020/12/16,0.317
2020/12/17,0.238
2020/12/18,0.218
2020/12/19,0.327
2020/12/20,0.205
2020/12/21,0.628
2020/12/22,0.417
2020/12/23,0.772
2020/12/24,0.638
2020/12/25,0.291
2020/12/26,0.435
2020/12/27,0.855
2020/12/28,0.339
2020/12/29,0.288
2020/12/30,0.266
2020/12/31,0.255
2021/1/1,0.261
2021/1/2,0.258
2021/1/3,0.255
2021/1/4,0.252
2021/1/5,0.241
2021/1/6,0.259
2021/1/7,0.228
2021/1/8,0.225
2021/1/9,0.212
2021/1/10,0.21
2021/1/11,0.26
2021/1/12,0.39
2021/1/13,0.768
2021/1/14,1.85
2021/1/15,0.455
2021/1/16,0.827
2021/1/17,0.427
2021/1/18,0.411
2021/1/19,0.536
2021/1/20,0.769
2021/1/21,0.728
2021/1/22,0.46
2021/1/23,0.423
2021/1/24,0.419
2021/1/25,0.38
2021/1/26,0.434
2021/1/27,0.678
2021/1/28,1.307
2021/1/29,0.792
2021/1/30,1.487
2021/1/31,0.722
2021/2/1,0.644
2021/2/2,0.726
2021/2/3,0.554
2021/2/4,0.922
2021/2/5,1.032
2021/2/6,1.082
2021/2/7,0.902
2021/2/8,0.658
2021/2/9,0.601
2021/2/10,0.566
2021/2/11,0.533
2021/2/12,0.508
2021/2/13,0.494
2021/2/14,0.507
2021/2/15,0.607
2021/2/16,0.582
2021/2/17,0.683
2021/2/18,0.633
2021/2/19,0.498
2021/2/20,0.468
2021/2/21,0.447
2021/2/22,0.425
2021/2/23,0.409
2021/2/24,0.404
2021/2/25,0.395
2021/2/26,0.374
2021/2/27,0.357
2021/2/28,0.358
2021/3/1,0.355
2021/3/2,0.349
2021/3/3,0.418
2021/3/4,0.422
2021/3/5,0.348
2021/3/6,0.324
2021/3/7,0.323
2021/3/8,0.318
2021/3/9,0.305
2021/3/10,0.438
2021/3/11,0.394
2021/3/12,0.357
2021/3/13,0.408
2021/3/14,0.305
2021/3/15,0.315
2021/3/16,0.277
2021/3/17,0.29
2021/3/18,0.282
2021/3/19,0.28
2021/3/20,0.256
2021/3/21,0.249
2021/3/22,0.247
2021/3/23,0.242
2021/3/24,0.237
2021/3/25,0.303
2021/3/26,0.641
2021/3/27,0.296
2021/3/28,0.245
2021/3/29,0.233
2021/3/30,0.223
2021/3/31,0.221
2021/4/1,0.21
2021/4/2,0.212
2021/4/3,0.205
2021/4/4,0.205
2021/4/5,0.193
2021/4/6,0.191
2021/4/7,0.188
2021/4/8,0.186
2021/4/9,0.187
2021/4/10,0.184
2021/4/11,0.176
2021/4/12,0.168
2021/4/13,0.16
2021/4/14,0.16
2021/4/15,0.167
2021/4/16,0.161
2021/4/17,0.151
2021/4/18,0.148
2021/4/19,0.145
2021/4/20,0.143
2021/4/21,0.137
2021/4/22,0.13
2021/4/23,0.127
2021/4/24,0.126
2021/4/25,0.121
2021/4/26,0.117
2021/4/27,0.122
2021/4/28,0.125
2021/4/29,0.115
2021/4/30,0.105
2021/5/1,0.104
2021/5/2,0.101
2021/5/3,0.396
2021/5/4,0.339
2021/5/5,0.211
2021/5/6,0.144
2021/5/7,0.11
2021/5/8,0.516
2021/5/9,0.161
2021/5/10,0.122
2021/5/11,0.096
2021/5/12,0.087
2021/5/13,0.315
2021/5/14,0.322
2021/5/15,0.183
2021/5/16,0.168
2021/5/17,0.157
2021/5/18,0.184
2021/5/19,0.268
2021/5/20,0.132
2021/5/21,0.25
2021/5/22,0.367
2021/5/23,0.207
2021/5/24,0.319
2021/5/25,0.261
2021/5/26,0.15
2021/5/27,0.095
2021/5/28,0.085
2021/5/29,0.073
2021/5/30,0.067
2021/5/31,0.064
2021/6/1,0.058
2021/6/2,0.069
2021/6/3,0.062
2021/6/4,0.137
2021/6/5,0.094
2021/6/6,0.058
2021/6/7,0.053
2021/6/8,0.045
2021/6/9,0.041
2021/6/10,0.04
2021/6/11,0.035
2021/6/12,0.029
2021/6/13,0.025
2021/6/14,0.024
2021/6/15,0.02
2021/6/16,0.027
2021/6/17,0.201
2021/6/18,2.068
2021/6/19,0.34
2021/6/20,0.13
2021/6/21,0.108
2021/6/22,0.087
2021/6/23,0.067
2021/6/24,0.065
2021/6/25,0.067
2021/6/26,0.059
2021/6/27,0.069
2021/6/28,0.119
2021/6/29,0.076
2021/6/30,0.053
2021/7/1,0.046
2021/7/2,0.043
2021/7/3,0.045
2021/7/4,0.223
2021/7/5,0.276
2021/7/6,0.65
2021/7/7,0.116
2021/7/8,0.07
2021/7/9,0.102
2021/7/10,0.127
2021/7/11,0.076
2021/7/12,0.088
2021/7/13,0.163
2021/7/14,0.081
2021/7/15,0.06
2021/7/16,0.052
2021/7/17,0.045
2021/7/18,0.044
2021/7/19,0.043
2021/7/20,0.048
2021/7/21,0.058
2021/7/22,0.036
2021/7/23,0.028
2021/7/24,0.031
2021/7/25,0.037
2021/7/26,0.034
2021/7/27,0.033
2021/7/28,0.038
2021/7/29,0.037
2021/7/30,0.267
2021/7/31,0.151
2021/8/1,0.075
2021/8/2,0.05
2021/8/3,0.04
2021/8/4,0.033
2021/8/5,0.076
2021/8/6,0.091
2021/8/7,0.049
2021/8/8,0.059
2021/8/9,0.039
2021/8/10,0.03
2021/8/11,0.022
2021/8/12,0.019
2021/8/13,0.017
2021/8/14,0.016
2021/8/15,0.016
2021/8/16,0.014
2021/8/17,0.017
2021/8/18,0.023
2021/8/19,0.014
2021/8/20,0.011
2021/8/21,0.042
2021/8/22,0.192
2021/8/23,0.058
2021/8/24,0.017
2021/8/25,0.009
2021/8/26,0.008
2021/8/27,0.007
2021/8/28,0.007
2021/8/29,0.007
2021/8/30,0.007
2021/8/31,0.006
2021/9/1,0.006
2021/9/2,0.006
2021/9/3,0.006
2021/9/4,0.006
2021/9/5,0.006
2021/9/6,0.006
2021/9/7,0.006
2021/9/8,0.007
2021/9/9,0.008
2021/9/10,0.008
2021/9/11,0.008
2021/9/12,0.007
2021/9/13,0.007
2021/9/14,0.245
2021/9/15,0.058
2021/9/16,0.008
2021/9/17,0.007
2021/9/18,0.007
2021/9/19,0.006
2021/9/20,0.006
2021/9/21,0.005
2021/9/22,0.005
2021/9/23,0.006
2021/9/24,0.005
2021/9/25,0.005
2021/9/26,0.007
2021/9/27,0.01
2021/9/28,0.731
2021/9/29,0.291
2021/9/30,0.04
2021/10/1,0.015
2021/10/2,0.323
2021/10/3,0.129
2021/10/4,0.316
2021/10/5,0.46
2021/10/6,0.052
2021/10/7,0.013
2021/10/8,0.006
2021/10/9,0.005
2021/10/10,0.005
2021/10/11,0.005
2021/10/12,0.006
2021/10/13,0.006
2021/10/14,0.007
2021/10/15,0.009
2021/10/16,0.009
2021/10/17,0.01
2021/10/18,0.012
2021/10/19,0.336
2021/10/20,1.94
2021/10/21,0.821
2021/10/22,0.144
2021/10/23,0.073
2021/10/24,0.049
2021/10/25,0.044
2021/10/26,0.033
2021/10/27,0.03
2021/10/28,0.034
2021/10/29,0.142
2021/10/30,0.19
2021/10/31,0.535
2021/11/1,0.116
2021/11/2,0.052
2021/11/3,0.033
2021/11/4,0.029
2021/11/5,0.025
2021/11/6,0.029
2021/11/7,0.015
2021/11/8,0.012
2021/11/9,0.013
2021/11/10,0.024
2021/11/11,0.024
2021/11/12,0.041
2021/11/13,0.026
2021/11/14,0.015
2021/11/15,0.014
2021/11/16,0.014
2021/11/17,0.013
2021/11/18,0.012
2021/11/19,0.011
2021/11/20,0.011
2021/11/21,0.011
2021/11/22,0.01
2021/11/23,0.01
2021/11/24,0.01
2021/11/25,0.01
2021/11/26,0.011
2021/11/27,0.135
2021/11/28,0.041
2021/11/29,0.01
2021/11/30,0.008
2021/12/1,0.007
2021/12/2,0.006
2021/12/3,0.006
2021/12/4,0.012
2021/12/5,0.059
2021/12/6,0.038
2021/12/7,0.18
2021/12/8,0.147
2021/12/9,0.274
2021/12/10,0.357
2021/12/11,0.117
2021/12/12,0.176
2021/12/13,0.055
2021/12/14,0.031
2021/12/15,0.021
2021/12/16,0.015
2021/12/17,0.011
2021/12/18,0.009
2021/12/19,0.007
2021/12/20,0.006
2021/12/21,0.005
2021/12/22,0.005
2021/12/23,0.006
2021/12/24,0.535
2021/12/25,0.409
2021/12/26,0.31
2021/12/27,0.163
2021/12/28,0.175
2021/12/29,0.126
2021/12/30,0.068
2021/12/31,0.121
2022/1/1,0.062
2022/1/2,0.264
2022/1/3,0.137
2022/1/4,0.092
2022/1/5,0.06
2022/1/6,0.059
2022/1/7,0.061
2022/1/8,0.271
2022/1/9,0.107
2022/1/10,0.058
2022/1/11,0.116
2022/1/12,0.071
2022/1/13,0.049
2022/1/14,0.046
2022/1/15,0.045
2022/1/16,0.043
2022/1/17,0.039
2022/1/18,0.038
2022/1/19,0.04
2022/1/20,0.036
2022/1/21,0.033
2022/1/22,0.032
2022/1/23,0.033
2022/1/24,0.032
2022/1/25,0.031
2022/1/26,0.031
2022/1/27,0.031
2022/1/28,0.03
2022/1/29,0.031
2022/1/30,0.033
2022/1/31,0.037
2022/2/1,0.033
2022/2/2,0.025
2022/2/3,0.026
2022/2/4,0.285
2022/2/5,0.084
2022/2/6,0.224
2022/2/7,0.064
2022/2/8,0.038
2022/2/9,0.039
2022/2/10,0.042
2022/2/11,0.025
2022/2/12,0.023
2022/2/13,0.184
2022/2/14,0.268
2022/2/15,0.343
2022/2/16,0.212
2022/2/17,0.104
2022/2/18,0.119
2022/2/19,0.396
2022/2/20,0.739
2022/2/21,0.34
2022/2/22,0.129
2022/2/23,0.106
2022/2/24,0.251
2022/2/25,0.102
2022/2/26,0.078
2022/2/27,0.072
2022/2/28,0.152
2022/3/1,0.375
2022/3/2,0.351
2022/3/3,0.194
2022/3/4,0.142
2022/3/5,0.138
2022/3/6,0.122
2022/3/7,0.098
2022/3/8,0.098
2022/3/9,0.095
2022/3/10,0.092
2022/3/11,0.112
2022/3/12,0.121
2022/3/13,0.097
2022/3/14,0.084
2022/3/15,0.081
2022/3/16,0.792
2022/3/17,0.282
2022/3/18,0.124
2022/3/19,0.101
2022/3/20,0.097
2022/3/21,0.092
2022/3/22,0.088
2022/3/23,0.094
2022/3/24,0.083
2022/3/25,0.078
2022/3/26,0.072
2022/3/27,0.074
2022/3/28,0.076
2022/3/29,0.078
2022/3/30,0.08
2022/3/31,0.078
2022/4/1,0.067
2022/4/2,0.063
2022/4/3,0.066
2022/4/4,0.167
2022/4/5,0.089
2022/4/6,0.128
2022/4/7,0.184
2022/4/8,0.076
2022/4/9,0.06
2022/4/10,0.051
2022/4/11,0.05
2022/4/12,0.052
2022/4/13,0.049
2022/4/14,0.043
2022/4/15,0.038
2022/4/16,0.037
2022/4/17,0.037
2022/4/18,0.037
2022/4/19,0.032
2022/4/20,0.032
2022/4/21,0.029
2022/4/22,0.028
2022/4/23,0.028
2022/4/24,0.025
2022/4/25,0.024
2022/4/26,0.022
2022/4/27,0.02
2022/4/28,0.019
2022/4/29,0.018
2022/4/30,0.016
2022/5/1,0.017
2022/5/2,0.017
2022/5/3,0.016
2022/5/4,0.067
2022/5/5,0.047
2022/5/6,0.027
2022/5/7,0.02
2022/5/8,0.019
2022/5/9,0.016
2022/5/10,0.013
2022/5/11,0.043
2022/5/12,0.046
2022/5/13,0.017
2022/5/14,0.01
2022/5/15,0.01
2022/5/16,0.009
2022/5/17,0.009
2022/5/18,0.011
2022/5/19,0.057
2022/5/20,0.022
2022/5/21,0.009
2022/5/22,0.008
2022/5/23,0.007
2022/5/24,0.006
2022/5/25,0.006
2022/5/26,0.005
2022/5/27,0.005
2022/5/28,0.005
2022/5/29,0.005
2022/5/30,0.005
2022/5/31,0.016
2022/6/1,0.022
2022/6/2,0.006
2022/6/3,0.006
2022/6/4,0.088
2022/6/5,0.8
2022/6/6,0.324
2022/6/7,0.069
2022/6/8,0.269
2022/6/9,0.119
2022/6/10,0.026
2022/6/11,0.009
2022/6/12,0.006
2022/6/13,0.005
2022/6/14,0.005
2022/6/15,0.004
2022/6/16,0.004
2022/6/17,0.003
2022/6/18,0.004
2022/6/19,0.004
2022/6/20,0.004
2022/6/21,0.003
2022/6/22,0.003
2022/6/23,0.003
2022/6/24,0.003
2022/6/25,0.003
2022/6/26,0.003
2022/6/27,0.003
2022/6/28,0.004
2022/6/29,0.003
2022/6/30,0.003
2022/7/1,0.003
2022/7/2,0.003
2022/7/3,0.003
2022/7/4,0.003
2022/7/5,0.003
2022/7/6,0.003
2022/7/7,0.003
2022/7/8,0.003
2022/7/9,0.003
2022/7/10,0.003
2022/7/11,0.003
2022/7/12,0.003
2022/7/13,0.003
2022/7/14,0.003
2022/7/15,0.004
2022/7/16,0.003
2022/7/17,0.003
2022/7/18,0.002
2022/7/19,0.003
2022/7/20,0.003
2022/7/21,0.003
2022/7/22,0.002
2022/7/23,0.002
2022/7/24,0.002
2022/7/25,0.002
2022/7/26,0.002
2022/7/27,0.002
2022/7/28,0.002
2022/7/29,0.002
2022/7/30,0.002
2022/7/31,0.001
2022/8/1,0.001
2022/8/2,0.001
2022/8/3,0.001
2022/8/4,0.001
2022/8/5,0.001
2022/8/6,0.001
2022/8/7,0
2022/8/8,0
2022/8/9,0
2022/8/10,0
2022/8/11,0
2022/8/12,0
2022/8/13,0
2022/8/14,0
2022/8/15,0
2022/8/16,0
2022/8/17,0
2022/8/18,0
2022/8/19,0
2022/8/20,
2022/8/21,
2022/8/22,
2022/8/23,
2022/8/24,0
2022/8/25,0
2022/8/26,
2022/8/27,
2022/8/28,
2022/8/29,
2022/8/30,
2022/8/31,
2022/9/1,
2022/9/2,
2022/9/3,
2022/9/4,
2022/9/5,0
2022/9/6,0
2022/9/7,0
2022/9/8,0
2022/9/9,0
2022/9/10,0
2022/9/11,0
2022/9/12,0
2022/9/13,0
2022/9/14,0
2022/9/15,0
2022/9/16,0
2022/9/17,0
2022/9/18,0
2022/9/19,0
2022/9/20,0
2022/9/21,0
2022/9/22,
2022/9/23,0
2022/9/24,
2022/9/25,
2022/9/26,
2022/9/27,
2022/9/28,
2022/9/29,
2022/9/30,0
